first_name,last_name,address,date_of_birth
Brenda,Mcfarland,"915 Lindsey Land Apt. 641
Lake Caroline, KS 55374",2013-12-30
Cynthia,Evans,"5717 Love Overpass Apt. 352
Kayleeton, PR 30794",1987-08-01
Eric,Mccarthy,"8252 Kimberly Mews Suite 723
Carrside, UT 78258",1936-10-10
Angel,Hoover,"327 Tiffany Gardens
East David, NH 85013",1974-05-09
Melissa,Vasquez,"7191 Craig Greens Suite 071
Williamsmouth, WI 43719",1986-10-03
Jordan,Kirby,"805 Aguirre Walks Apt. 870
North Rachelport, AZ 11854",1932-03-27
Christy,Price,"65907 Fox Junctions
Tracyborough, AR 21693",1939-06-11
Joanne,Nguyen,"861 Chelsea Views Suite 590
North Calebborough, SD 96745",1989-04-14
Randy,Palmer,"0778 Ross Forest Apt. 498
Owenberg, DC 04231",1949-02-08
Brandon,Ward,"376 Robert Pines
North Jefferyberg, MA 05485",2004-02-16
Heather,Harris,"7549 Larry Light
Maryview, LA 68165",1918-11-02
James,Davis,"37707 Ruiz Cove
Gilltown, NC 86550",1924-08-31
Brittany,Jackson,"89903 Valerie Canyon Suite 171
South Lauren, PW 20231",1909-03-19
Robert,Dyer,"0051 Berg Station Suite 578
Jensenchester, MT 58784",1999-03-18
Alexandria,Young,"18409 Kaitlyn Ville
Christophershire, OH 94209",2018-05-30
James,Kelly,"2640 Cameron Prairie
Bakermouth, MI 88914",1922-02-25
Steven,Carpenter,"1639 Woods Isle
Griffinmouth, OR 37501",2014-09-14
Crystal,Hudson,"293 Ashley Divide Suite 610
New Ashleychester, PA 60878",2021-06-26
Monique,Shea,"PSC 4690, Box 5023
APO AA 11907",1970-08-13
Jeffrey,Hernandez,"019 Sanchez Trail
New Aaron, OK 15625",1924-08-30
Amanda,Weeks,"733 Sherry Falls Suite 592
Jeanettemouth, WI 73589",2004-02-22
Cathy,Villanueva,"0932 Raymond Well Suite 979
Andreastad, NM 28286",1970-08-29
Virginia,Hamilton,"78464 Ferguson Station Suite 168
Lake Christianhaven, PR 65295",2015-09-05
William,Allen,"32015 Alvarez Motorway Apt. 501
East Adrianmouth, IA 98755",1938-10-07
Elizabeth,Elliott,"Unit 6514 Box 3380
DPO AE 76130",1968-09-30
Brianna,Osborn,"960 Lindsey Spring Suite 578
New Ericville, KS 07139",1955-02-07
Jackie,Mcdaniel,"0882 Richardson Stream
Lake Jessica, KY 96508",2014-11-28
Lee,Thomas,"2794 Morrow Plaza Apt. 386
Nicholasberg, AZ 59769",1968-02-05
Colleen,Vaughn,"143 Moody Skyway
South Gregory, UT 79300",1928-10-31
Cynthia,Ruiz,"6119 Kristin Wells
East Jonathanberg, CT 29970",2009-08-05
John,Webb,"577 Sharon Locks
Millertown, MT 13629",1923-06-11
Stephanie,Beard,"7818 Sherry Mountains
West Maria, OK 35407",1940-02-22
Brandy,Davenport,"882 Johnson Skyway
North Jared, AL 70137",1916-08-24
Joshua,Smith,"Unit 7876 Box 2277
DPO AP 61995",1929-05-09
Victoria,Ramirez,"135 Waters Roads
Martintown, WI 13866",1941-11-16
Angela,King,"43031 Debbie Mill
Calebview, NC 94622",1941-09-12
Evan,Hill,"1478 James Valleys Suite 300
East Holly, IL 31661",1954-05-28
Wyatt,Johnson,"066 Darrell Village
West Davidfurt, NV 21207",1921-06-11
Richard,Robinson,"28967 Gonzalez Station
Timothyview, CT 19722",1919-05-18
Rhonda,Dunn,"261 Zachary Causeway Suite 439
East Michael, NE 27106",1988-08-03
Amber,Hill,"66728 Michele Mountain
Wangmouth, AL 62603",1934-09-25
Darren,Le,"1823 Roth Rapid
New Maria, MT 34497",1918-04-11
Stephen,Boyd,"627 Campbell Green
Brianland, FL 10227",1957-06-17
Jacob,Ford,"Unit 5332 Box 5322
DPO AP 13034",1992-10-07
James,Ward,"2308 Walker Ville
Jasonside, IL 94632",1944-06-01
Kathy,Acosta,"28912 David Land
Hallbury, NC 42718",1949-09-06
Ricky,Roberts,"6690 Wade Court
Evanschester, WV 29451",1967-05-18
Amber,Jones,"64635 Green Village Suite 848
New David, UT 73858",2019-12-10
Karen,Ramirez,"558 Angela Creek
Port Brookeview, NH 42166",1913-09-22
Gabrielle,Smith,"02213 Pamela Lights Suite 801
Elliston, ME 35861",1914-10-15
Tammy,Boyd,"7171 Kenneth Overpass Suite 416
Kristinaview, NY 84567",2010-12-31
Amy,Mckenzie,"94706 Burns Ridge
Brittneystad, TX 99179",1914-04-24
Jonathan,Watkins,"47854 Smith Burg Suite 881
Port Kevin, AL 95061",1934-02-20
Melissa,Mclaughlin,"4823 Smith Prairie
Port Matthewfurt, WI 11461",1960-06-10
James,Bauer,"079 Debra Squares Suite 410
South Jeremyshire, MS 67790",1922-05-20
Joseph,Mendez,"261 Williams Estates
East Dustin, NH 05453",1913-12-21
Daniel,Warner,"626 Tabitha Coves Suite 753
Markhaven, IN 10908",1967-01-06
Joseph,Smith,"815 Phillips Way
East Brandy, KY 28383",1965-10-07
Bradley,Gould,"32751 Susan Inlet
New Michaelchester, AL 47761",1969-06-12
Shawn,Ramos,"22189 Martin Forks
Lake Tamarafurt, FL 30753",2007-11-03
Joshua,Singleton,"PSC 9511, Box 6602
APO AA 02317",1994-07-07
Brendan,Hayes,"1843 Christy Lake Apt. 087
North Jenniferland, VI 40520",1911-11-05
Timothy,Clark,"28500 Emma Rue
Patriciatown, NV 34567",1979-03-15
Laura,Baker,"8196 Rogers Roads
Danielleton, OH 35084",2004-03-17
Mike,Morris,"64414 Cordova Rapid Suite 912
Lake Elizabethville, UT 77190",2024-01-21
Bill,Buckley,"33053 James Station
South Taylorbury, AK 29082",1914-11-26
Adam,Olson,"13647 Martin Crossroad
Guzmanfort, ND 26074",1927-08-28
Lindsay,Duncan,"04693 Brown Turnpike
Collinsmouth, WI 08356",1915-03-01
Jennifer,Moore,"PSC 2514, Box 1332
APO AP 40770",1942-03-03
Caleb,Caldwell,"19723 Kelli Brook Apt. 727
West Brian, VA 50161",2004-04-09
John,Arnold,"PSC 3096, Box 7791
APO AP 43868",2023-05-13
Ricky,Gutierrez,"8984 Costa Garden
New Sharonchester, VA 48231",1938-07-03
John,Scott,"01071 Kerry Motorway
Palmerfort, OH 86677",1973-11-29
Mark,Humphrey,"640 Schneider Locks Suite 767
South Jenniferburgh, CT 92038",1961-05-05
April,Gordon,"15428 Smith Alley Suite 725
Deborahport, IN 59229",1962-05-27
Tiffany,Garcia,"5083 Gabriel Flat Suite 452
East Michael, ME 93179",1976-07-23
Paula,Turner,"606 Martinez Dale Suite 712
Adkinsshire, MH 61247",1909-12-09
Bruce,Young,"PSC 6795, Box 1918
APO AP 32381",1993-10-09
David,Webb,"3271 Waller Pine
Josephfort, IL 18653",1974-02-20
Brett,Rios,"295 Jose Fall
New Alexanderfort, OH 69885",1941-05-21
Gregory,Hunter,"48296 Michael Inlet
Hamiltonfort, LA 57820",2015-07-26
Nancy,Blair,"53660 Ronald Courts
North Kaitlynton, AL 02461",1993-09-28
Steven,Castillo,"50201 Cynthia Flat Apt. 903
East Charles, MH 09593",2011-09-24
Courtney,Woods,"00263 Karen Islands
Brennanmouth, MA 42659",1942-07-16
Jessica,Hutchinson,"874 Gabriela Lodge
Sheltonville, MO 25717",1987-06-26
Travis,Peck,"5008 Holder Lights Apt. 825
South Justin, IA 52148",1919-01-09
Nicole,Valdez,"5229 Howard Ferry Suite 127
Lake Steven, MT 87250",1949-08-01
Rebecca,Cameron,"PSC 8289, Box 1456
APO AP 18888",1916-06-05
Kimberly,Savage,"17010 Gay Alley
Stephenberg, HI 96676",2004-06-30
Jerry,Hendricks,"22268 Bryan Pines Apt. 617
Port Michaelview, VT 52783",2018-07-11
Jonathan,Garcia,"71914 Anthony Viaduct Apt. 635
Lake Matthewchester, SD 37571",1957-09-06
Marcus,Evans,"67479 Hill Ville Apt. 311
Hintonborough, DE 53668",1978-05-13
Patrick,Glenn,"80806 Karen Turnpike Apt. 667
New Barbaraside, IA 49081",1953-02-07
Joseph,Boyer,"Unit 3231 Box 9674
DPO AE 71641",1938-02-20
John,Holland,"4766 Daniel Fork Apt. 933
Derekshire, ID 42799",1936-08-14
Ernest,Hale,"083 Wolfe Wells
Sierrabury, PA 63772",2020-02-15
Carlos,Parker,"Unit 1079 Box 2675
DPO AP 98171",1990-06-20
Daniel,Nelson,"106 Michelle Hill
West Eric, NC 59478",1939-03-22
Rachel,Watts,"949 Daniel Flat Suite 181
Georgechester, CO 61209",2010-03-13
Troy,Olson,"52336 Webster Lake
Wadechester, ND 98550",1984-02-01
Brandon,Patel,"25753 Lopez Avenue
Port James, IN 38125",2005-11-18
Sharon,Mills,"24910 Dyer Mount Apt. 858
Atkinsonmouth, MP 35839",2003-09-13
Andrea,Anderson,"54768 Garcia Street
Boyerchester, AZ 18050",1987-10-26
Christopher,Lee,"780 Shelby Extension
New Susanhaven, GA 27608",2009-08-18
Alexander,Valdez,"66878 Brian Station Suite 693
Henrytown, NH 54860",2015-08-24
Stephanie,Summers,"USS Oconnor
FPO AA 65363",1980-04-29
Abigail,George,"6327 Laurie Oval Apt. 382
North Lisa, NY 01836",1951-12-04
Joseph,Henry,"8459 Jenny Squares
South Penny, NJ 78690",1983-08-20
Stephen,Barnett,"84859 Michelle Summit Apt. 551
North Robert, NM 86134",1965-12-04
Austin,Walker,"055 Greene Curve Apt. 545
West Micheal, WI 78362",1988-02-22
Brittany,Smith,"126 Whitaker Garden Apt. 285
South Robert, AZ 31912",1954-01-09
Catherine,Baxter,"05967 Jonathan Plains Apt. 413
Kellyville, IN 78286",1952-11-05
Lisa,Pratt,"6955 Brandon Camp
Johnshire, MP 49936",1998-01-05
John,Marshall,"74860 Cole Parkways Suite 582
Josechester, AL 44138",1949-04-26
Makayla,Wilson,"8230 Lewis Burgs Apt. 726
Port Elizabeth, FM 89710",1946-03-08
Anna,Wiley,"179 Robert Manor Suite 184
East Davidstad, NY 24566",1933-11-23
Jacob,Ponce,"6443 Colleen Branch
Hoberg, GU 98384",1986-05-11
Russell,Carter,"9395 Alyssa Dale
New Stevenside, FL 51985",1923-05-09
Scott,Anderson,"87565 Richard Unions Apt. 786
North Alan, AL 50219",1920-12-27
Theresa,Anderson,"80410 Ramirez Underpass
Matthewview, GA 64586",1979-11-28
Kevin,Duran,"559 Young Mountain Suite 868
North Jessicaville, PW 31820",1976-03-15
Briana,King,"6743 Williams Islands Apt. 129
Lake Amandahaven, DC 47866",1995-06-21
Vanessa,Hooper,"53234 Robinson Common
Port Ericmouth, NE 85721",2012-12-18
Patricia,Spence,"05059 Montes Canyon Apt. 233
Castilloberg, PW 50910",2013-07-27
James,Williams,"0651 Anderson Dam
Christinaburgh, MA 68709",1973-03-08
Amy,Stewart,"66026 James Crossing
Whitneymouth, PW 25459",1942-02-11
Anthony,Guerra,"9781 Hill Union Suite 436
Ericview, CO 43917",1959-10-03
Andrew,Oneill,"829 Sarah Course
Karenchester, IL 45735",1910-02-22
Victoria,Grimes,"3307 Thompson Spring
Caldwelltown, MT 59767",2018-12-31
Perry,Pace,"259 Jessica Drive Suite 258
Shellyfort, MD 63347",2006-05-09
Diane,Anderson,"155 Bradford Flat
Port Jacqueline, OR 99078",1982-02-13
Brad,Davis,"35285 Williams Isle Apt. 589
Lake Melissaborough, ID 38164",1951-01-20
Crystal,Byrd,"84671 Shannon Road Apt. 070
Lake Maria, WI 74708",1955-04-27
Sean,Martin,"219 Smith Crossroad Apt. 113
East David, OR 85868",1966-06-07
Colleen,Byrd,"59092 Maldonado Vista
North Carrie, PR 02907",1982-07-14
George,Holden,"323 Timothy Turnpike
North Jamietown, WI 20581",2016-05-11
Antonio,Campbell,"Unit 8241 Box 0555
DPO AA 10160",1994-07-23
Paul,Clark,"8525 Clark Villages
Anthonyfurt, NV 37734",1944-07-18
Gary,Martinez,"88578 Pope Point Apt. 530
New Michelleland, DC 54724",1919-05-24
Thomas,Campbell,"95225 Short Courts Suite 383
Mcclainbury, IA 62426",1931-02-11
Benjamin,Mueller,"81965 Jose Parkway Suite 198
Whitefurt, IL 64353",1929-07-26
Debra,Montgomery,"PSC 3132, Box 7199
APO AE 52483",1964-03-31
Randy,Clay,"365 Timothy Gateway
Harrisonhaven, AR 19727",1989-10-06
Adam,Chen,"24596 Joshua Forges
New Brianchester, SC 08508",2015-06-12
Emily,Perez,"70289 Mary Crest Suite 827
New Josephville, DC 28131",1935-04-15
Sarah,Brown,"571 Young Street Apt. 662
Brownberg, GU 35667",1919-08-06
Meagan,Bass,"49454 Thomas Court
East Randymouth, AK 13080",1933-03-17
Laura,Wilkerson,"8587 Jerome Mountain Apt. 047
South Diana, PW 16383",1952-02-13
Monica,Olson,"USCGC Wilson
FPO AA 23101",1997-02-21
Bruce,Thornton,"849 Jacqueline Creek
East William, UT 59563",1985-02-14
Hannah,Owens,"USCGC Jones
FPO AA 61091",2012-10-24
Tiffany,Tanner,"491 Ellis Haven
Port Sharon, NE 92590",1941-11-02
Tyler,Heath,"598 Cooper Village Apt. 400
East Stephanie, MH 93653",1922-11-12
Alyssa,Wiggins,"353 Lane Springs
North Sherrimouth, DC 54708",1969-02-03
Stephen,Chavez,"PSC 7890, Box 6896
APO AE 17290",2016-04-20
Cindy,Sharp,"760 Young Point
Lake Lorifurt, OR 13076",1918-03-27
Andrew,Ramirez,"78104 Fuller Green Suite 488
Robinsonstad, GU 27880",1973-05-20
Emily,Short,"955 Kelly Parkways Apt. 267
Dylanport, NJ 55883",1941-09-09
Jill,Ross,"0372 Bass Courts
Port Mollyview, CO 12183",1931-05-19
Walter,Flores,"USNV Bolton
FPO AE 69948",1976-04-05
Cody,Hill,"918 Foley Forest
Jacksonborough, MD 10976",1990-11-08
Michelle,Jimenez,"2507 Black Cove Suite 661
Port Johnton, KY 12500",2024-02-08
Miguel,Sanchez,"132 Amy Burgs
Hernandezton, MI 69062",1937-11-23
David,Smith,"PSC 4764, Box 7986
APO AA 24600",1925-10-13
Michael,Martin,"PSC 5702, Box 6900
APO AE 16575",1909-12-08
Todd,Wright,"2779 Andrea Flats Apt. 837
South Jacquelineborough, LA 18908",1973-12-20
Wyatt,Little,"4271 Thompson Islands Suite 226
New Dianatown, CT 86039",1988-11-02
James,Mason,"30557 Gibbs Pines
Port Michelle, WA 57873",1950-02-25
Janice,Wu,"2661 Garcia Extensions Apt. 675
Johnview, KS 94851",1991-10-23
Michelle,Brown,"83755 Ross Key Apt. 749
Paulview, AS 39219",2005-05-06
David,Phillips,"72766 Matthew Causeway Apt. 436
Conniemouth, DE 34301",1966-01-20
Randy,Jones,"9327 Nancy Row Apt. 038
Geraldland, AZ 64704",1982-09-01
John,Bailey,"1962 Shields Divide Apt. 693
Hartmanborough, VI 77178",2005-05-22
Aaron,Benson,"PSC 7004, Box 3430
APO AE 81021",1988-12-03
Bethany,Jones,"29644 Joseph Corners
Danieltown, WI 45615",1955-08-20
Bethany,Austin,"04715 Marisa View
East Jason, NY 12174",2022-12-18
Erin,Williams,"469 Bridget Ridges Suite 244
South Heather, HI 59275",1965-12-01
Erin,Warren,"09520 Keith Plain
Elizabethborough, NM 50282",1984-10-16
Christopher,Ho,"02515 Justin Extension Apt. 308
Port Toddchester, HI 90381",1986-09-22
Luis,Lopez,"85232 Morgan Village Apt. 245
Wagnerstad, OR 54027",1917-01-06
Nancy,Barnes,"072 Victoria Lane Apt. 287
Carrollville, PA 43321",1986-10-07
Rachael,Morrison,"12743 Wilkinson Ramp Apt. 758
Melanieville, SC 24231",1997-09-10
Maria,Robinson,"PSC 0991, Box 2997
APO AE 03519",1939-12-22
Janice,Gentry,"4225 Katrina Village Apt. 403
Port Stevenbury, MH 30743",1980-11-02
Mckenzie,Baker,"PSC 8800, Box 4734
APO AA 63312",1940-08-30
Heather,Peterson,"10007 Turner Hills
New Amyfort, TX 10643",1999-12-06
Michelle,Evans,"83969 Williams Hills
South Raymondstad, ND 25416",1936-01-19
Linda,Fletcher,"USCGC White
FPO AE 05720",1974-10-16
Gail,Berry,"2944 Kelsey Hills Apt. 068
Angelaland, VA 46017",1969-05-18
Paul,Garcia,"14343 Hunt Route Suite 501
North Tannerton, PW 92799",1932-02-16
Michael,Mills,"29662 Farmer Roads
South Ravenmouth, AK 47703",1921-05-18
Terri,Allen,"657 Martin Rapids
Jasonbury, RI 98951",1929-08-14
Bruce,Clark,"44293 Kyle Burgs
Gillberg, TX 06475",1981-05-22
Melinda,Allen,"11187 Page Mountains Suite 350
Andersonburgh, MT 54913",1990-01-05
Lindsay,Malone,"PSC 0699, Box 2156
APO AP 29482",2005-02-24
Chase,Conley,"70370 Pearson Point
Reeseland, LA 17395",2005-05-10
Matthew,Larson,"58460 Roberts Estates Suite 566
West Lucas, HI 07143",1964-03-05
Jessica,Lewis,"USNS Garcia
FPO AE 11977",1936-05-26
Stephanie,Nolan,"85372 Danielle Plaza
Matthewmouth, FM 44176",1981-07-16
Sean,Jackson,"28446 Gonzalez Vista Suite 383
Christopherborough, ND 64454",2023-07-08
David,Bishop,"796 Michael Way
New Brenda, OR 83600",2005-01-26
Donna,Mckee,"227 Hurst Expressway Apt. 035
Lake Lisamouth, IN 99792",2006-10-27
Angelica,Hill,"PSC 4554, Box 3884
APO AP 14178",2023-07-26
Brian,Castro,"8735 Bradley Pass Suite 824
West Jodistad, NE 81973",1985-04-27
Richard,Lowe,"2180 Russo Island
Fletcherchester, AK 35388",2010-12-10
Pamela,Mcclure,"925 William Light
South Abigail, MO 90627",1948-11-06
Brittany,Reed,"8313 Brandi Centers Apt. 965
South Jacobmouth, MS 95730",1973-04-30
John,Frank,"061 Beth Parkway
Stevenberg, DC 42524",1971-07-08
Elizabeth,Gill,"9128 Hardy Mountains
East Jamestown, CA 19641",2002-06-03
David,Steele,"23580 Brian Trace
Alvarezburgh, IL 25660",1931-06-19
Brittany,Gallagher,"500 Williams Underpass Suite 043
Lake Sandra, NV 23678",2020-02-05
Dawn,Alvarado,"03805 Shane Road
Port Josephburgh, NH 54859",2021-09-10
Stephanie,Walter,"081 Crystal Square
Lake Stevenshire, VT 89890",1929-02-05
Kimberly,Bush,"19804 Brian Tunnel Suite 416
West Christopherview, NM 14501",1983-04-13
Emily,Bell,"259 Estrada Island Apt. 075
West Sierra, ME 11781",1993-10-27
Samantha,Bennett,"602 Holmes Station
Lake Andrewberg, PR 63025",1984-05-01
Kaitlyn,Johnson,"182 Bailey Knolls
Ortizburgh, WV 63704",2004-06-21
Shawn,Patterson,"230 Munoz Street
Port Laura, FL 68546",2011-10-24
Jason,Simpson,"15787 Rodriguez Ways Apt. 394
West Johnberg, MS 60601",2016-07-14
Steven,Clark,"PSC 5323, Box 0370
APO AP 18993",2011-05-15
Jennifer,Rivera,"230 William Ville
East Mark, MI 37735",1928-11-18
Hannah,Harrison,"3619 Crosby Mountain Apt. 906
Alvarezshire, MS 23795",1963-12-14
John,Hoffman,"5993 Mike Track
Littlefurt, MI 40343",2001-07-14
Jason,Zimmerman,"156 Joseph Course
South Bradleymouth, MP 31170",1994-01-31
Seth,Molina,"83253 Yesenia Mountains
North Karenville, VI 69685",1910-03-22
William,Mason,"3401 Kyle Wells
South Ralphtown, HI 18915",1930-12-08
Michael,Cherry,"9203 Susan Vista
West Yvonnehaven, NJ 20142",1930-12-19
Jessica,Garner,"69873 Aaron Ferry
Lake Gregorybury, AK 24281",2021-11-04
Mary,Boyle,"77246 Stanley Flats Suite 361
Lake Melissaton, VT 33353",1951-06-02
Bradley,Martinez,"4977 Martinez Springs
Stevensfurt, VA 35688",1996-12-12
Amanda,Farmer,"2864 Mccoy Drive
East Lindafurt, WA 35300",1934-12-06
Kimberly,Baker,"1955 Yang Drive Apt. 936
West Alisonmouth, VI 03274",1941-08-13
Cameron,Sanchez,"206 Mary Knolls
Lake Victoriaberg, NV 20232",1924-04-01
Jared,Davis,"879 April Grove Suite 911
East Davidshire, RI 77220",1918-01-21
Jamie,Marshall,"7749 Jeffrey Crossing Apt. 903
Holderburgh, TX 65377",1916-01-24
William,Rivas,"44581 Aimee Village
Barbaraport, CA 99946",2000-05-18
David,Powers,"114 Williams Cape
Mayburgh, IN 05950",2019-02-23
Nathan,Tapia,"399 Jonathan Bridge Apt. 367
Griffinville, WA 24577",2001-07-23
Patrick,Lopez,"88878 Torres Route Apt. 457
Kellystad, NY 25254",2005-03-01
Tonya,Jones,"75562 Marissa Knoll Suite 620
Tylermouth, NY 89574",2002-07-29
Manuel,Farmer,"6440 Jones Coves
Maryhaven, NH 56991",1962-10-08
James,Kelly,"912 Roberts Causeway
Perezshire, SC 60041",1933-09-12
Janice,Sandoval,"35922 Reynolds Viaduct Suite 635
West Jeffreytown, DE 74794",1923-07-31
Denise,Keller,"PSC 8823, Box 8027
APO AE 41305",1928-08-30
Darius,Williams,"82824 Maria Spurs
Elizabethton, VA 66755",1969-04-13
Christopher,Warner,"1341 Rodriguez Lock
Webbhaven, MI 72929",1984-08-20
Kenneth,Williams,"443 Moore Camp
Lake Sharon, KY 24631",2022-06-03
Samuel,Church,"981 Charles Inlet
Lambburgh, SC 81312",1983-05-04
Susan,David,"5268 Christopher Lane
Lake Alexander, OR 33232",1944-03-31
Justin,Oneal,"0685 Kline Ville
Lake Cassidyfurt, NH 84630",2017-10-06
Christopher,Nelson,"046 Moore Fields
East Jenniferborough, OH 39448",1929-04-28
Ruth,Russo,"95238 Beck Radial Apt. 662
Lopezside, MD 04797",1975-02-18
Kristen,Clark,"0503 Clark Well
South Gary, TX 71849",2019-03-05
Vincent,Mccullough,"3970 Hill Plains
Bradyberg, IN 44161",2017-06-20
Amanda,Jackson,"3232 Long Circle Suite 623
Ochoahaven, NJ 52730",1981-04-04
Denise,Bates,"Unit 1112 Box 1452
DPO AP 90306",1926-01-24
Kevin,Clark,"79249 Mueller River Suite 736
Michaeltown, VI 41904",1991-11-16
Aaron,Adams,"633 Santiago Garden Suite 424
West Williamfort, MS 99330",1911-05-29
William,Smith,"358 Joshua Burgs
East Justin, AK 24551",1924-04-08
Lisa,Weiss,"00033 Christian Island
East Denise, MH 79846",1980-10-02
Michael,Santana,"4025 Thompson Rest Suite 759
Port Jeremytown, NH 43209",1925-11-03
Sydney,Martin,"753 Miller Garden Suite 274
Michellemouth, MI 34281",1921-12-21
Brenda,Sutton,"8028 Charles Junction Apt. 360
Michelebury, VI 81936",1996-10-20
Julie,Hayes,"05187 Salinas Summit Apt. 204
Stacyside, AR 13009",2013-07-06
Jessica,Parsons,"2874 Morgan Prairie Apt. 950
South Allisonshire, SC 44357",2004-05-04
Andrew,Drake,"536 Autumn Curve Suite 471
West Jenniferview, AK 08742",1955-01-05
Carrie,Herrera,"9681 Ashley Camp
Jessicaburgh, ND 07824",1996-06-06
Jeffrey,Carey,"Unit 0268 Box 2093
DPO AE 16497",1997-08-02
Laura,Lee,"09512 Christine Inlet
Lake Scott, NC 29932",1919-12-14
James,Faulkner,"5711 Ward Spur
Bentonborough, MO 99610",1943-04-13
Paula,Garrison,"4454 Stephanie Walks Apt. 322
West Jenna, NJ 06711",2006-11-15
Robert,Brock,"887 Daniel Burgs Suite 940
Victorbury, MI 26004",2004-02-11
Abigail,Hopkins,"8964 Davis Prairie Suite 601
Lake Gail, HI 83457",1941-09-10
Kevin,Lynn,"4472 Benjamin Courts
Floresberg, MA 96060",1968-04-14
Louis,Stone,"1704 Gonzales Inlet Suite 295
South Jorgeview, ND 63984",1955-04-08
Erica,Moody,"3188 Jones Camp Apt. 685
Lake Stacyport, UT 42081",1920-09-06
Caitlyn,Martin,"436 Kevin Coves Suite 604
Port Stephaniefurt, AL 75568",2017-05-05
Michael,Murray,"1170 Taylor Avenue
North Christopher, VI 02893",1975-08-14
Mary,Mcdonald,"3122 Timothy Crossing
Sanchezborough, VA 79525",1916-10-28
Daniel,Rodriguez,"775 Ann Port
New Ashley, ND 19853",1918-09-12
William,Schmidt,"19335 Wayne Streets
Frankchester, PW 82867",1921-05-14
Joshua,Smith,"88861 Nguyen Views Apt. 108
Amandaport, FL 77061",1958-05-04
Shawn,Crawford,"68343 George Gardens
New Deanna, NH 45001",1945-03-21
David,Wright,"12787 Williams Lakes
Greenshire, IL 71709",1930-09-30
Lawrence,Thomas,"567 Scott Vista
Ashleytown, AL 30908",1977-01-10
Lauren,Hendrix,"125 Christopher Manors
Alecbury, OK 19347",1955-12-03
Shannon,Bradshaw,"075 Wilson Plaza Suite 620
North Brian, OH 99761",1958-02-18
Phillip,Patel,"481 George Mill Apt. 724
Alvarezshire, NC 77144",1961-03-31
Kenneth,Moore,"9193 Melanie Skyway
North Michael, MS 18966",1986-12-13
Christopher,Lawrence,"258 Velasquez Mountains
Boonefurt, WA 07916",2010-06-16
Melissa,Hernandez,"9308 Jenna Curve
Michaelshire, MP 30158",1939-01-03
Lisa,Harris,"4566 Stephen Gateway
North Jonathanside, NM 14629",1944-06-28
Kelly,Cortez,"9630 Tammy Pass Apt. 404
Christensenfort, ID 67879",1948-08-08
Michael,Bryant,"USCGC Peck
FPO AP 22866",1979-09-08
Mary,Sims,"62731 Heather Ville Suite 366
Stephanieberg, CT 07469",1962-10-12
Anna,Scott,"844 Walsh Springs
Stephenbury, MN 31854",1914-05-02
Ann,Pierce,"3534 Camacho Stravenue Apt. 852
Galvanstad, TN 52066",1974-07-25
Jared,Ortiz,"Unit 5400 Box 4282
DPO AA 67057",1961-12-18
Sandra,West,"65836 Erin Way Suite 684
South Cherylfort, VT 57376",2008-12-09
Rebekah,Patel,"USNV Lopez
FPO AP 18445",2023-11-04
Richard,Brown,"2695 Joseph Crossroad Apt. 237
Hansenbury, SD 90119",1998-09-04
Anthony,Gray,"998 Joshua Trail Suite 235
Rodriguezstad, WI 39432",1923-12-30
Cameron,Cox,"Unit 7534 Box 2760
DPO AA 27341",1953-08-15
Clifford,Fletcher,"25562 Thomas Meadow Suite 749
East Laurafurt, NJ 46315",1942-07-22
Laurie,Jones,"366 Lindsay Port Apt. 861
East Rebeccafort, PA 93559",1913-07-23
Brittany,Hart,"1939 Brown Landing Suite 815
North Tonya, NY 03464",1913-12-24
Eric,Brown,"44061 Kevin Gateway
Walkerside, FM 74617",1995-05-13
Lindsey,Hamilton,"7499 Shawn Springs
Port Lisa, NH 24508",1950-08-07
Donald,Morgan,"9609 Fowler Hills
Youngmouth, MS 67110",2009-01-13
Madison,Walters,"9361 Jessica Island
Jimenezview, WY 05193",2011-01-31
Caleb,Lee,"441 Katherine Ranch
South Cameron, MS 25059",1967-08-23
Peggy,Combs,"4747 Francisco Circle Apt. 320
Carrolltown, SD 45462",1970-12-03
Matthew,Norman,"8106 Krista Lakes
East Patrickview, WY 12815",1945-07-20
Madison,Martinez,"3155 Amy Coves
Port Thomas, AS 01232",1940-05-30
Joshua,Wolf,"966 Daniels Road
Lake Ericport, VI 54877",1994-11-21
Jesse,Conner,"95535 Raymond Street Apt. 560
Lake Christinebury, VA 86207",1966-11-30
Hannah,Sampson,"3780 Latasha Square
Sharihaven, WY 05049",2013-02-15
Victor,Hodges,"551 Collier Isle Apt. 670
North Cynthiaside, KS 28630",1985-02-14
Stephanie,Pierce,"443 Joshua Ports Suite 259
North Caitlinberg, MO 90036",2021-03-26
Madeline,Erickson,"475 Steven Glens Apt. 669
Yvonneport, DE 14229",1960-02-16
Patricia,Marshall,"174 Andrew Crossing
Jonesville, WI 68266",1974-09-24
Scott,Gonzalez,"84365 Michael Center Apt. 693
Goodwinville, SC 20452",1970-04-24
Jorge,Parks,"48902 Todd Lodge Apt. 155
Scottbury, OH 45345",1960-06-30
Andrew,Farrell,"647 Williams Valleys Apt. 742
Wallfort, NE 30928",1967-10-23
Anthony,Cox,"4568 Desiree Spur Suite 227
South Julia, MS 67819",1918-12-22
Clayton,Mcdonald,"191 Martha Turnpike Suite 807
New Christina, FL 32434",1971-09-22
Stephen,Morris,"86618 Morrow Ville
Sierrahaven, TX 67666",1940-02-15
David,Sanchez,"USS Woodard
FPO AP 77609",1976-04-25
Johnathan,Mills,"6587 Martinez Green
Wheelerberg, TN 02333",2003-10-03
Mark,Booker,"88439 Olivia Forges Apt. 756
West Lori, KS 61283",1941-06-18
Sarah,Tanner,"020 Thomas Canyon
Wallaceview, PR 68802",1994-03-25
David,Mcfarland,"1898 David Ridges
Changhaven, NH 82399",2006-09-21
John,Hayes,"964 Hayes Islands Apt. 263
Juliaside, PA 36706",2008-01-09
Timothy,Porter,"699 Novak Crossing Apt. 153
Susanside, VT 41596",1915-09-26
Leslie,Brewer,"67731 Yvette Roads
Jenkinschester, MA 05670",1960-06-13
Mitchell,Smith,"8550 Kevin Glens
Vanessahaven, FM 03064",1954-10-30
Robert,Melendez,"463 Matthew Square
North Patricialand, MT 39052",1970-10-24
David,Stewart,"Unit 1393 Box 3936
DPO AE 43662",1979-08-19
Lisa,Waller,"88882 Michael View Apt. 846
Petersonside, CO 19562",1929-01-20
Bruce,Harvey,"6256 Grimes Turnpike Apt. 251
North Kevin, VT 21978",1946-10-31
Harold,Herrera,"358 Olson Estates
New Stephanieton, CA 31428",2023-09-23
Holly,Graves,"9802 Carol Village Apt. 491
Faithside, PA 14011",1955-06-27
John,Johnson,"3107 Walker Dale Apt. 119
West Megan, CT 03493",1964-04-20
Karen,Thomas,"61107 Danielle Expressway
New Darrellshire, SC 00569",1911-09-21
Michael,Lloyd,"957 Dixon Oval Suite 061
Port Angela, DE 57978",1987-07-12
Michael,Taylor,"751 Wilkerson Wall
Maryborough, UT 38388",1921-05-24
Shawn,Rogers,"988 Ivan Prairie
Haletown, MT 08632",2006-06-26
Stephen,Richards,"6228 Tyler Shores
North Johnchester, ID 31944",1942-05-04
Lisa,Hill,"269 Harris Shore Suite 141
Conradmouth, NE 46164",1992-03-25
Matthew,Walsh,"03705 Richard Camp Suite 536
Chadmouth, NE 39150",1959-08-18
James,Johnson,"1457 Miller Garden
Lake Melissafurt, WI 46768",1945-01-30
Susan,Lowe,"43446 Jordan Passage Apt. 005
North Mike, MP 45666",1975-03-11
Frank,Owens,"275 Johnson Plain Apt. 409
South Karen, MS 75658",1934-06-07
Jacob,Frost,"967 Darrell Rest Apt. 266
Port Ashley, OR 87306",1960-12-24
Tyler,Spencer,"659 Jack Corner Suite 363
West Breannamouth, AS 61150",2016-01-09
Brandi,Torres,"630 Sutton Valleys
Stacyville, NY 17412",1919-12-19
Lisa,Rodriguez,"4797 Walton Road
Port Carlos, NH 62928",1938-07-12
Krystal,Gordon,"31384 Carr Mountain
Turnerport, KY 20380",2013-12-10
Veronica,Mason,"714 Vickie Lock Apt. 495
Matthewchester, FL 71127",1973-11-17
Vanessa,Valentine,"8571 Jenny Well
Donaldbury, PR 88862",1962-06-25
Daniel,Nash,"15002 Contreras Bridge
Lake Derrick, LA 09724",2021-01-18
Julia,Taylor,"Unit 0555 Box 8066
DPO AP 60991",1940-01-31
Ricardo,Dixon,"643 Mayo Corner Apt. 321
South Crystal, MO 90308",1948-09-28
Aaron,Vaughn,"764 Peter Parkway
Russellborough, RI 59035",1960-02-14
Anthony,Morales,"24058 Maria River Suite 488
Brianaborough, MT 65947",1974-02-08
Kyle,Munoz,"139 Samuel Station
Stephensfort, VA 18575",2021-04-30
Arthur,Reed,"571 Henderson Fall
North Mark, NC 33374",2010-02-20
Ebony,Hoffman,"56980 Gregory Branch Suite 035
Marshallmouth, ME 49046",1963-04-30
Melissa,Cook,"961 White Harbor
Lake Michellemouth, NH 93604",1974-07-08
Victor,Rodriguez,"10586 David Forest
Lake Alicia, AS 02899",1923-10-12
Joanne,Riddle,"USNV Soto
FPO AE 27201",1957-12-28
Patricia,Spence,"86364 Madison Mission
Port Kevin, MN 49264",1914-02-05
Anthony,Mclaughlin,"30201 Keller Heights Apt. 799
Wilsonport, WA 64322",1956-01-05
Dominique,Huff,"59906 Smith Throughway
Grahamside, HI 10442",1959-02-06
William,Warren,"USCGC Warner
FPO AE 69091",1939-04-24
Michael,Hooper,"1623 Diaz Station Apt. 348
Alanshire, WI 45440",1939-08-11
Traci,Simpson,"113 Jeffrey Skyway Apt. 626
South Jenniferburgh, OR 67772",1955-06-21
Tyler,Knight,"USNV Jackson
FPO AP 79370",1924-09-09
Jordan,Peterson,"5447 Hernandez Avenue
Pamelachester, OR 34172",1979-02-07
Walter,Deleon,"83993 Graves Dale
Burchmouth, AR 56070",1976-02-22
Elizabeth,Moore,"08503 Meyer Crest
South Jessicaside, UT 07775",1932-11-17
Jo,Guerrero,"17803 Dickerson Parks Suite 387
Hansenshire, ND 90572",2021-10-16
Emma,Tanner,"34026 Mendoza Extensions
Lake Veronica, PR 61247",2005-01-22
Jesse,Smith,"07058 Barbara Spring Apt. 223
Lake Stephanieville, WA 34592",2016-11-26
Meghan,Bell,"93378 Mclaughlin Manors
Vincentmouth, LA 76990",2019-09-02
Elizabeth,Richardson,"77129 Margaret Canyon
East Susan, SC 86189",1980-04-12
Terri,Montes,"720 Matthew Viaduct Suite 679
South Glenberg, MN 96106",1922-12-26
April,Barajas,"56594 Rodgers Mews Suite 998
West Nicole, SC 55064",1969-12-13
Cynthia,Riggs,"283 Jackson Fort Apt. 554
Grantville, NJ 17724",1962-10-06
Regina,Harrison,"9134 Campbell River Suite 669
Reidport, VT 80733",1931-09-01
Jeff,Rasmussen,"1749 Jennifer Rapid Suite 821
Davidview, DE 18481",1987-09-22
Tim,Keller,"09839 Nicholas Harbor
North Wyattburgh, AK 99876",1987-09-23
Scott,Smith,"587 Kevin Meadows
New Christopher, OR 74084",1983-05-25
James,Arnold,"065 Richard Forest Suite 171
Stacyfort, RI 13424",1977-07-22
Daniel,Edwards,"2934 Claire Locks
Melissaland, VI 50422",1992-09-10
Michael,Moreno,"083 Huber Station
West Brittney, OK 78067",2001-03-12
Eric,Stein,"9728 Reyes Trace
Tracyfurt, HI 93320",1944-07-26
Kristin,Brown,"97468 Carolyn Land Apt. 421
South Katieview, IA 90077",2008-06-16
Jessica,Solis,"6578 Clay Orchard Suite 399
Port Kevin, NE 99388",1960-04-08
Aaron,Stone,"3524 Matthew Trafficway Suite 200
New Tonyshire, NH 29846",2005-04-10
Gabriella,Andrews,"84624 Alvarez Rapids
Sarahaven, OR 82389",1924-03-31
James,Roberson,"067 Nathan Crossroad Suite 897
East Williamtown, NV 12917",1971-06-23
Heather,Pearson,"50837 Karen Lodge
Port William, LA 31965",1985-10-15
Lisa,Peters,"69394 Frank Wall
East Diane, PW 80999",1942-01-12
Claudia,Walker,"0849 Joseph Ports
Lake David, SC 29991",2022-08-04
Justin,Moore,"28067 Manuel Wall Suite 849
South Emily, AR 48524",1978-02-10
Brittany,Contreras,"2917 Adam Way Suite 205
Grayborough, IL 15562",1998-09-09
Thomas,Barker,"249 Jackson Mountain
Port Christine, TN 72323",1931-03-15
Edgar,Fuller,"7083 Gamble Prairie Apt. 197
Carterland, PR 39046",1943-05-03
Stephanie,Smith,"5837 Miller Corner
Samanthaburgh, SD 07343",1997-02-17
Robert,Gill,"97215 Bryce Manor Apt. 616
North Jeffrey, MA 15869",1923-03-08
Joyce,Patterson,"80172 Long Path
New Maryhaven, NE 11626",2013-08-11
Mark,Taylor,"831 Perry Gateway Suite 150
Andrewhaven, PA 45313",1927-02-28
Jennifer,Villarreal,"396 Danielle Mountain Suite 991
East Michelle, NY 71113",1978-10-10
Oscar,Roberts,"7963 Pearson Pike Apt. 074
Warrenfurt, VA 87796",1984-07-16
Rachel,Pacheco,"08077 Lynn Highway
Lake Michael, FL 57561",1993-05-02
Garrett,Strong,"164 Boone Ville Apt. 080
Johnton, WI 47439",2017-10-19
Jeffery,Espinoza,"USCGC Cox
FPO AA 93105",1992-10-25
Donald,Crosby,"2238 Michelle Row Suite 070
Port Susanfort, NJ 21721",1932-09-02
Melissa,Myers,"42377 Adkins Turnpike Apt. 067
South Christine, ID 24993",1923-02-14
Karen,Beard,"Unit 8975 Box 3980
DPO AP 02283",1974-10-16
April,Wilson,"6158 Sheila Manors Apt. 780
West Nicholas, NV 75425",1986-09-13
Luis,Shaw,"885 Jeffrey Turnpike
Timothyburgh, MO 67984",1940-06-24
Bailey,Humphrey,"Unit 5214 Box 0186
DPO AA 41756",2005-06-24
Richard,Flores,"477 Anna Brook
Cathyborough, FM 50102",1970-06-28
Cathy,Garrett,"41332 Diaz Mountain Suite 693
New Ericberg, MA 22854",1974-11-21
Robert,Eaton,"65167 Garcia Trail Apt. 908
Woodwardburgh, DC 43548",1996-03-07
Laura,Reyes,"USNS Taylor
FPO AP 55539",2023-03-27
Donna,Moore,"262 Stark Vista Apt. 974
Port Gregory, VT 50885",2004-12-14
Gordon,Sanford,"56799 Roberson Rapids
Diazmouth, SC 02432",1986-08-21
Jacob,Anderson,"7500 Lisa Pines Suite 284
Fischerberg, VA 92680",1916-01-15
Jacob,Jenkins,"859 Jose Glens
Lake Tanyamouth, AZ 84469",1989-11-18
Aaron,Bell,"8019 Garrett Meadows
East Cristian, VI 27457",1982-08-04
Debra,Ward,"117 Martinez Shoals Apt. 473
Mendozabury, MI 95204",1960-09-12
Cindy,Hodges,"458 Monroe Crescent
Lake Anita, MD 80415",1980-02-06
Mary,Riley,"09797 Ryan Creek
Perrychester, OR 33397",1982-03-17
Brandon,Bond,"52272 Scott Causeway Apt. 090
Lynnmouth, KY 60500",2010-03-05
Michael,Lowe,"274 Kurt Estate Suite 741
Leefurt, UT 97137",1985-07-08
Tiffany,Barnes,"916 Stein Ways Apt. 345
West Lauren, PR 55572",1922-09-02
Timothy,Sandoval,"9580 Smith Tunnel Apt. 195
North Madisonshire, FM 04790",2015-04-27
Scott,Robinson,"Unit 7560 Box 2051
DPO AP 24428",1937-11-20
Jonathan,Smith,"533 Patricia Course Apt. 574
South Isaacfort, KY 36215",1971-06-04
Brian,Wright,"62058 Davidson Oval Apt. 322
Pearsonmouth, VI 94179",1960-08-26
Eugene,Li,"Unit 1769 Box 7630
DPO AP 95014",1925-01-27
Sarah,Jenkins,"4100 Escobar Terrace Apt. 669
Richardsonland, FM 29493",1997-01-26
Christopher,Huynh,"150 Gail Path
Coopershire, AS 63788",1944-07-03
Kristy,White,"794 Jordan Walk
Fischerton, IN 52969",1917-07-12
Lisa,Fischer,"2152 Norris Street
Jasonchester, PA 25218",1963-03-01
Stephen,Clark,"331 Lisa Harbor Apt. 898
Reginaberg, HI 37872",1996-06-05
Joshua,Myers,"PSC 6731, Box 5333
APO AP 46078",1975-07-22
Margaret,Terrell,"7954 Ferguson Unions
Villarrealfurt, DC 67272",1972-03-27
Mckenzie,Wright,"384 Salazar Rapids
West Michael, WA 90609",2014-08-22
Jonathan,Wang,"9274 Reid Pines Apt. 661
East Heathertown, MN 41479",1921-07-05
Sherry,Patel,"763 Danielle Square
Georgefort, CO 19244",1951-11-09
Cynthia,Hoover,"61279 Craig Parkway
North Jennifer, IL 91467",1963-09-07
Bobby,Rodriguez,"01444 Mueller Squares
South Aliciamouth, OR 91624",1975-01-29
Darin,Gomez,"8549 Kelly Ports Suite 709
Evansport, NC 04547",2005-02-11
Melanie,Davis,"2180 Fitzpatrick Lights
West Adamshire, KS 78594",1928-01-30
Joseph,Carpenter,"762 Moore Well
New Kristina, SD 68021",1990-10-21
George,Gomez,"5936 Elizabeth Ford
Port Isabeltown, MO 63766",1963-05-26
Abigail,Watson,"240 Jasmine Burg Apt. 160
South Thomas, CA 72384",1980-02-26
Paul,Stewart,"03013 Mark Wall
Lake Crystalville, SC 56368",1970-10-02
Lisa,Diaz,"008 Alicia Walks Apt. 169
Port Jamie, NM 37611",1966-12-31
Jose,Hancock,"4023 Robin Circles Apt. 246
South Jaime, MN 36684",1942-04-29
Roger,Mitchell,"706 Ann Meadows
Smithview, KY 94423",2009-09-23
David,Rivera,"4006 Oconnor Village
Kendraborough, AL 82658",1990-11-06
Oscar,Schultz,"7468 Fischer Falls
North Katrinaport, MO 54297",2017-07-11
Melissa,Stewart,"361 Potter Dale
Melissaport, NE 55912",1917-04-26
Elizabeth,Lucas,"113 Margaret Inlet Apt. 990
South Michelle, MN 71085",1959-08-18
Paul,Brooks,"1842 Jeremy Squares
South Rodneybury, MD 15844",1935-06-15
Mark,Curtis,"3431 Mcbride Turnpike Apt. 266
Port Andrewmouth, IA 75217",1920-03-18
Jeremy,Murphy,"USCGC Gillespie
FPO AA 72787",1975-10-31
Lee,Nguyen,"8965 Pierce River Suite 259
East Allenport, CA 61114",1988-01-02
Robert,Garcia,"082 Jones Lodge
Grayburgh, PR 34486",1935-06-16
Christopher,Morgan,"PSC 9956, Box 7562
APO AP 44256",1913-11-11
Diane,Love,"65121 Rose Fork Suite 764
West Christineshire, OK 25544",1953-08-22
Cynthia,Ballard,"01608 Brian Flat
Hornhaven, TN 32005",2003-07-21
Vanessa,Beck,"3368 Gray Bypass Suite 607
New Sabrina, DE 68404",1997-11-28
Susan,Smith,"21793 Lynn Terrace
Tracyton, MP 87560",2006-07-31
Jason,Medina,"1445 Miller Harbor
North Garrett, AL 71850",1934-09-06
Elizabeth,Nunez,"5183 Ronnie Crest
New Tylerburgh, NE 48563",1915-05-03
Kayla,Coleman,"93189 Makayla Brooks
Kelseymouth, OH 89601",1974-10-15
William,Scott,"5569 Katie Lock
Richmondborough, MN 46921",1920-12-20
Jonathan,Larsen,"52916 Jennifer Cape
Thompsonville, MA 07750",1969-05-03
Francisco,Clark,"91789 Richard Keys Apt. 810
Jenniferside, CA 78648",1955-01-10
David,Johnson,"0464 Watkins Gardens Apt. 455
Sweeneyview, NV 62621",2003-07-22
Kim,Johnson,"PSC 9885, Box 8014
APO AE 33844",2007-04-25
Shane,Kline,"36574 Miles Junctions
Lake Theresaside, KY 54415",1958-09-08
Martha,Mcdonald,"972 Francisco Shoals Apt. 774
Port Savannah, MS 20782",2020-06-26
Janet,Jennings,"2342 Rich Stream
Silvaland, IA 62041",2011-10-01
Jill,Barnes,"77977 Jennifer Plain Suite 126
West Marissaburgh, KY 18106",2011-04-29
Karen,Taylor,"70591 Sutton Trail Suite 223
West Adrian, OK 41793",1909-04-03
Frank,Rivera,"691 Kimberly Lake Apt. 646
Andersonhaven, TN 10763",1963-05-12
Richard,Hernandez,"88775 Thomas Square
Jasonmouth, NJ 50189",1958-08-13
James,Henderson,"176 Ryan Circle Apt. 218
Caroltown, ME 78458",2017-04-26
Jeremy,Payne,"94901 Gregg Gateway
Port Deanton, MO 12231",1915-10-21
Heather,Turner,"69840 John Knolls Suite 302
New Alan, PA 32836",2013-11-27
Emily,Flores,"95326 Ariel Summit
West Susan, TX 96977",1918-08-20
Kayla,Hart,"01903 Mike Points Apt. 125
Cathymouth, MO 21273",1993-04-09
Rodney,Vega,"28732 Wright Circles Apt. 672
Katelynbury, FL 48230",1955-04-18
David,Ward,"6580 Smith Extension Apt. 111
Martinezbury, ID 36240",1964-05-03
Denise,James,"72439 Gary Camp Suite 747
Sandrashire, MI 65372",1985-02-26
Theresa,Evans,"46234 Lopez Lane
Kristenbury, IA 33528",1937-07-25
Benjamin,Jones,"643 Phillip Forge
Garymouth, RI 99685",2003-05-26
Adam,Allen,"27979 Sullivan Coves Suite 607
Maxland, AL 64656",1969-11-15
Daniel,Banks,"750 Johnson Springs Suite 823
Hendricksport, VT 08495",1934-10-22
Ryan,Williams,"180 Patrick Causeway Suite 497
North Sandra, NJ 68597",1915-06-14
Jay,Price,"USS Williams
FPO AE 04942",1970-06-21
Michelle,Stevens,"9369 Jason Divide
Andersonborough, MA 96674",1929-06-11
Melanie,Owens,"PSC 9293, Box 6593
APO AE 81672",1983-11-14
Jacob,Vang,"PSC 2338, Box 4511
APO AE 93647",2020-08-24
Amy,Wells,"30239 James Curve Apt. 821
Andrewtown, CO 59151",1984-01-18
Stephanie,Wood,"14620 Reed Summit
West Tiffanyton, WA 69658",1974-01-23
Jennifer,Hunt,"23834 Burton Viaduct
Schwartzberg, FM 25310",1941-05-04
Jasmine,Phillips,"39161 Christopher Trace Apt. 554
Kathrynberg, MS 96053",1951-08-26
Christopher,Cantu,"600 Cheryl Oval
Lake Heatherburgh, NV 54789",1914-02-25
Christopher,Jackson,"9528 Elizabeth Mountains Apt. 948
Krausebury, TX 21530",1959-07-26
Jessica,Bush,"930 Moss Ways
Stephenhaven, MS 42365",1910-09-17
Amy,Sanchez,"7882 Atkinson Port
Rachelside, ND 75351",2022-03-22
Pamela,Lopez,"894 Fernandez Centers Suite 421
West Robertstad, MD 18527",2014-01-14
Stacie,Hamilton,"89745 Martin Branch Apt. 738
West Elizabethview, NH 52126",1988-10-04
Timothy,Fuentes,"6389 Davis Mountain
Seanstad, FL 19414",1948-03-29
Sarah,Perry,"97554 Norman Cliffs
Port Victoria, MA 16471",1997-08-09
Jason,Sims,"325 Jason Mount Suite 028
Dianehaven, MI 41210",1927-01-14
Dakota,Mckenzie,"534 Donald Pike
South Samantha, SD 41874",1955-08-13
Crystal,Terry,"9752 Thompson Landing
Ashleyfort, AZ 01601",1971-03-31
Calvin,Harvey,"38225 Kelly Loop Apt. 684
Rossside, VT 83534",1967-10-29
Paula,Sims,"14639 Leblanc Cove Suite 559
West Christopher, AS 55693",1964-01-12
Eric,Mendoza,"1891 Johnson Hills
Melissaton, TN 10464",1931-06-24
Shannon,Reese,"475 Corey Isle Suite 622
West Rebeccaville, FL 28815",1920-09-29
Jeremy,Barry,"65267 Jill Field
North Kathleen, AL 25123",1946-12-28
Michael,Baker,"903 Theresa Divide
Martinezberg, WV 68536",2011-09-05
Amanda,Jones,"91439 Murphy Valleys
Brownton, MT 41808",1916-08-11
David,Ruiz,"239 Fleming Courts Apt. 497
Port Craigton, IN 02202",1978-12-02
Richard,Barber,"964 Michael Key
North Cynthiaburgh, IN 81686",2010-08-18
Amanda,Levine,"USS Johnson
FPO AE 48515",1948-08-05
Michael,Monroe,"3884 Hill Orchard
Brownmouth, SC 06282",1927-12-11
Ashley,Callahan,"322 Thomas Overpass Apt. 235
Helenbury, GU 54755",1933-12-27
Rebecca,Patterson,"0139 Gomez Brooks Apt. 511
Riversmouth, NY 26727",1952-08-30
Kyle,Nolan,"5608 Derek Village Suite 323
Rossland, RI 82068",1924-02-18
Julie,Smith,"240 Kathryn Tunnel
Jamesshire, OR 47749",1919-04-07
Roger,Miller,"0009 Hill Manor
West Amanda, IA 40131",1967-02-18
Marissa,Welch,"474 David Field Apt. 211
East Erica, VA 57793",2010-04-18
Meghan,Clayton,"48568 Hebert Shores Apt. 752
North Matthewville, KS 92648",1998-07-17
Jonathan,Foley,"138 John Shoal
Sandovalhaven, CO 30057",1951-05-12
Jasmine,Stevenson,"Unit 8266 Box 2882
DPO AP 55083",2023-09-02
Leslie,Greene,"959 Peters Lane Apt. 832
Lake Shannon, MD 69470",1945-02-09
Craig,Rivera,"699 Rodriguez Manors
East Rachel, NV 52061",1913-04-06
Andrew,Norton,"90240 Villanueva View Apt. 652
New Lynnside, GU 82363",1984-03-01
Stanley,Richardson,"16762 Cruz Keys Suite 617
Jasonview, AK 54049",1938-02-09
Jesus,Jennings,"434 Whitehead Mission Suite 501
Juanfurt, SD 98705",1997-03-28
Samantha,Smith,"3810 Copeland Harbors
Lake Jessicamouth, AL 62772",1981-09-24
Tina,Henderson,"05367 Collins Vista
West Kellyshire, CO 70936",1959-10-30
James,Davis,"PSC 6529, Box 1842
APO AE 27000",2007-04-06
Joanne,Howard,"8642 Joseph Summit Suite 412
Sheltontown, PA 60861",2010-04-02
Jacob,Boyd,"3735 Nelson Walk
Timothyfurt, HI 60805",1986-03-09
Cassandra,Ferguson,"37745 Melissa Flat
East April, KY 39001",1917-06-30
Tina,Clark,"45440 Klein Drive Apt. 402
New Carriestad, OK 61039",1964-12-15
Micheal,Vargas,"85870 Lynch Flat
Sandraburgh, NH 17511",2014-05-04
Tami,Chambers,"USS Phillips
FPO AA 91172",1995-11-01
Daniel,Garrison,"PSC 6024, Box 7437
APO AP 55017",1918-03-18
Brandon,Yoder,"7507 Taylor Spur Suite 976
West Robert, NE 95259",1931-09-24
Katherine,Davenport,"42188 Neal Estates
Port Gregoryland, MS 46588",2003-06-12
Peter,Reed,"96616 Bryan Lodge Suite 965
Patriciaberg, MN 27599",1941-03-30
William,Brown,"0391 Johnson Mountains Apt. 614
Lake Denise, DC 67645",2009-11-07
Jeffery,Austin,"2395 Luna Stravenue
Lynchport, OK 56400",1979-10-24
Richard,Valentine,"3792 Patterson Camp
South Richardfurt, KY 16598",1976-04-21
Karen,Johnston,"901 David Heights
Lake Alicia, NM 29263",2015-03-03
Adam,Goodman,"14897 Hodges Lights Suite 138
New Jaredtown, NE 83498",1916-03-28
Cynthia,Lindsey,"469 Kristi Cliffs Apt. 725
Baileyview, MN 22176",1978-03-26
Carl,Edwards,"87925 Thompson Lake Apt. 659
Nicoleton, ND 89134",2016-02-24
Eugene,Ramirez,"USCGC Wilson
FPO AE 88418",1920-03-07
Jessica,Thompson,"USNS Bradford
FPO AE 52659",2017-04-30
Candice,Gonzalez,"479 Jennifer Lodge
Josephshire, NM 50613",1999-02-21
Eric,Hughes,"9794 Danielle Lake Suite 844
Lake Patricia, OH 92991",2011-05-13
Timothy,Tucker,"Unit 5902 Box 3202
DPO AE 04866",1954-01-20
Carrie,Dalton,"5700 Baker Common Apt. 429
Christopherchester, AS 24554",1938-02-01
Karla,Sullivan,"109 Trevor Street
Harrisberg, ME 33520",1987-01-26
Jesse,Valdez,"7906 Michael Circle
Elizabethville, NV 19459",1967-02-16
Brenda,Stanley,"98753 Stuart Manor
Howardshire, AS 32722",1962-10-05
Kristen,Lopez,"Unit 2263 Box 8848
DPO AP 96250",1937-12-31
James,Alvarado,"4351 Charles Springs
Torresborough, DE 63662",1924-08-18
Laura,Turner,"8122 Calhoun Park Apt. 368
Port Alanborough, CT 98852",1963-10-05
Benjamin,Glass,"04984 Nunez Park Suite 437
West Jenniferchester, NH 55531",1911-03-08
James,Acevedo,"59950 Kelly Flats
East Gary, FM 82552",1947-04-28
Jennifer,Tapia,"5648 Brock Light Apt. 785
Lindamouth, MN 63681",1958-10-26
James,Travis,"228 Larson Springs Suite 299
Robertborough, VA 97579",1942-02-10
Maria,Alexander,"613 Traci Loop
South Meredithport, VI 61480",1985-06-24
Elizabeth,Klein,"5705 Miller Drive
South Kayla, KY 38586",1955-12-26
Jamie,Johnson,"033 Michael Trafficway
Port Thomasmouth, SD 83399",2002-06-23
Lindsay,Daniel,"9760 Hansen Estate
Stanleyland, DE 22013",1983-04-23
Stacey,Perez,"6485 Lisa Greens
West Regina, AR 94504",1946-04-15
Christina,Smith,"430 Graham Forge Apt. 927
Lloydville, PR 77736",1941-08-17
Jeremy,Hoffman,"553 Glover Club Suite 090
West Brandy, CO 08585",2000-07-09
Marvin,Moore,"843 Frank Meadow Suite 809
Jacobtown, NJ 13026",1972-09-26
Courtney,French,"6210 Brown Mall
Fishershire, TX 49761",1946-12-15
Mary,Phillips,"7122 Brianna Loaf Suite 343
Lake Courtney, AS 22252",1949-09-17
Kathleen,Mcdonald,"36362 Alexandra Mount Suite 799
Hannahtown, PW 97481",1957-09-08
Jesse,Townsend,"5263 Amber Islands Apt. 166
Lake Justinside, CA 26826",1930-12-08
Sierra,Nash,"USNV Turner
FPO AA 20973",2006-08-11
Thomas,Williams,"1798 Wang Curve
South Jesus, IN 60514",1927-06-20
Sean,Gates,"7053 Robinson Cliff Apt. 695
Shawnberg, WY 39441",1942-12-21
Jasmine,Lee,"560 Valencia Lock Suite 512
New Patrick, AZ 22807",1919-12-07
Michelle,Murphy,"79373 Hardy Roads Suite 465
Rodgersmouth, NC 92468",1999-02-24
Christopher,Graham,"3718 Jessica Lane
New Nicholas, DE 33329",2024-04-16
Jacqueline,Jones,"062 Hernandez Flats
Michelleland, RI 79018",1964-11-26
Timothy,Johnson,"5968 Campbell Grove Suite 799
Michaelhaven, NE 30587",1997-03-11
Misty,Wilson,"3637 Melissa Pike
South Janetmouth, VI 53863",1997-05-24
Hannah,Proctor,"98462 Ward Island
North Robert, PA 97620",1945-04-13
James,Davis,"6491 Olson Villages Suite 086
Millerchester, DC 12250",1977-08-26
Andres,Huff,"8616 Kevin Camp
South Joshua, AS 86030",1971-02-09
Ian,Garcia,"82711 Amber Unions
Toddfurt, NY 78828",1975-06-23
Jerry,Cabrera,"9399 Gilmore Throughway
Port Davidland, AS 42465",1925-08-08
Jonathan,Villanueva,"8647 Evans Squares
Palmerstad, TX 97518",1967-07-06
Christopher,Hughes,"16976 Fuller Viaduct
Kimstad, NE 34539",1958-01-12
Michael,Wagner,"0590 Amy Unions
Lake Codyburgh, UT 26447",1971-08-31
Nancy,Bailey,"93591 Sandoval Branch
Carlsonshire, WY 32898",1940-10-25
Alice,Rowe,"335 Hill Rue Apt. 770
Angelaton, ME 23601",1908-10-15
Paul,Johns,"293 Monica Loaf
Amandamouth, MS 35615",1941-04-26
Todd,Barrett,"8739 Jack Falls Apt. 300
Hernandezfort, VI 37076",1966-07-10
Alec,Jackson,"162 Clark Vista Apt. 104
West Pamtown, WI 65937",1998-10-03
Diana,Phelps,"49019 Charles Stravenue
North Elizabeth, SD 41771",1998-08-23
Jimmy,Hayes,"USS Castillo
FPO AA 14469",1914-11-02
Michelle,Schroeder,"Unit 3920 Box 7041
DPO AP 90590",1980-08-21
Patrick,Palmer,"985 Charles Curve Suite 332
North Amy, IA 60665",1920-08-19
Kathryn,Cline,"9076 Tammy Courts Suite 506
Curtisport, MD 86710",1991-08-05
Jimmy,Horn,"05632 Austin Estate
Romeroside, KS 20649",1923-03-30
Kimberly,Phillips,"534 Bowers Island Apt. 775
Murrayville, WA 04778",2004-03-03
Wesley,Galloway,"503 Jacobs Plains
Suttonstad, MD 34416",2015-02-08
William,Vasquez,"5694 Morris Points Apt. 118
West Tony, PW 23634",1954-10-28
Laura,Rodriguez,"383 Jeffrey Ville
South Stacey, FM 85435",1977-03-13
Keith,Reeves,"7533 Margaret Corners Suite 300
Wagnerville, AS 84482",1978-02-19
Cathy,Cox,"79390 Wang Shoal Apt. 270
Charlesberg, MI 78169",1958-02-01
Jennifer,Valenzuela,"29169 Santiago Island
East Suzanne, OH 16420",1912-04-01
Michael,Walker,"61744 House Lodge
South Markmouth, IA 04075",1924-11-17
Kenneth,Russell,"70661 Danielle Forge Apt. 676
Donaldland, AR 22138",1963-10-08
Jerry,Cohen,"USNS Pham
FPO AA 63896",1941-08-01
Michael,Miranda,"470 Benjamin Court Apt. 856
East Melinda, RI 77695",2010-03-16
Natasha,Carr,"531 Kelsey Causeway Apt. 159
Philipton, OH 87256",1945-04-15
Lisa,Harrell,"70364 Black Forest Apt. 559
Joeshire, CT 20161",2022-10-11
Chad,Hernandez,"163 Jessica Passage Suite 577
North Robin, NJ 12289",1995-09-17
Robert,James,"Unit 2742 Box 7121
DPO AP 69036",1972-10-16
Austin,Gates,"177 Kenneth Plaza
Lake Gordon, AK 76022",1931-04-29
Brett,Munoz,"8911 Theresa Ramp
Lake Thomashaven, AS 71414",2021-10-23
Lance,Daniel,"430 John Pine Suite 956
Jimenezmouth, ND 33612",1929-04-11
Timothy,Hebert,"216 Garrett Viaduct
West Kimberlyborough, AS 29031",1990-10-07
Brenda,Thornton,"6258 Martinez Wall Suite 461
South Matthewtown, GU 73804",1953-03-05
Samantha,Smith,"0158 Sarah Well Suite 250
Boyleton, CT 40335",2016-09-25
Paul,Kim,"9539 Dyer Hill
East Heather, TX 37632",1985-11-02
Christopher,Parker,"57693 Patrick Springs Suite 532
West Katherine, NH 59256",1980-12-14
Sandra,Knight,"5368 Flores Springs
West Jeremystad, FM 14008",2005-11-13
Lindsey,Torres,"44669 Renee Spur
South Carrie, NV 09435",1955-10-07
Wendy,Johnson,"4176 Rachael Coves
Lake Jonathan, NM 83600",1928-11-25
Laura,Cummings,"Unit 6824 Box 5374
DPO AE 81328",2016-07-27
Joanna,Herrera,"227 Tonya Ramp Suite 353
Michaelside, WV 76017",1917-04-19
Darryl,Hansen,"521 Rachael Meadows
Port Karen, TX 43803",1956-11-28
Melissa,Ho,"02493 Ann Fords Suite 330
Port Alexanderton, FM 17864",2020-08-29
Jennifer,Bowen,"4830 Davis Hill
Lutzmouth, MP 74063",1961-05-06
Ryan,Williams,"803 Eric Shoal
Lauraburgh, AZ 05946",2021-08-12
Trevor,Wood,"35870 Michelle Prairie Suite 609
Diazfurt, ID 84016",2004-08-20
Jeanne,Malone,"20442 Joseph Pike Suite 967
Greenside, DC 00676",1947-10-08
Gina,Palmer,"3074 Smith Village Apt. 459
East Christopherchester, KS 18431",1951-02-22
Edward,Briggs,"1586 Mary Roads
South Jason, MD 47923",1968-01-31
Patricia,Mitchell,"755 Scott Drive
East Rachel, AZ 87189",1924-06-27
Janice,Jones,"7382 Sanchez Point Suite 569
New Carly, NE 92571",1948-02-08
John,Houston,"4365 Erica Estate
Lake Cathy, KS 28987",1968-07-18
Brad,Medina,"12986 Kevin Center
Lake Lindsey, CT 25313",2007-02-26
Diane,Wright,"621 Jonathan Stravenue
Turnermouth, WV 47837",1953-08-23
Marco,Taylor,"99411 Jonathan Branch Apt. 698
Bensonside, WV 51452",1940-07-20
Christopher,Crane,"6642 Alexandria Plaza Suite 052
East Andreaberg, WY 25633",1966-11-27
Jeffrey,Cooper,"Unit 0171 Box 7761
DPO AP 62437",1912-07-09
Cynthia,Rodriguez,"5115 Lynn Club Apt. 827
Lamland, NY 34094",1962-05-01
Lauren,Gonzalez,"17443 Humphrey Trafficway Apt. 750
West Kimberly, NJ 05205",1909-08-20
Denise,Faulkner,"67147 Mark Crest
Wilsonville, PR 33129",1946-07-09
Steven,Chang,"4278 Myers Route
Ralphville, WI 11164",2011-05-20
Christopher,Friedman,"1676 Melissa Track
Barbaramouth, NV 98983",1928-12-31
Tony,Marquez,"259 Denise Crescent Suite 228
North Ann, NV 67697",1993-10-05
Kyle,Ho,"36154 Peters Row Suite 429
New Davidshire, GA 14164",1985-01-05
Sophia,Smith,"7571 Derek Brook Suite 614
Adamsmouth, RI 56855",1985-09-28
Daniel,Russell,"6795 John Greens Apt. 906
Sarahmouth, VT 88620",1968-10-07
Teresa,Johnson,"1084 Anthony Court
New Kenneth, AS 66867",1935-12-27
Dean,Warren,"389 Chambers Garden
Doyleville, OK 48096",1984-04-03
John,Rodgers,"1039 Michael Lock Apt. 481
Williamschester, IA 71115",1943-10-10
Shawn,Fisher,"00912 Diane Knoll
West Williamview, SC 43651",1995-01-13
Kimberly,Ford,"207 Denise Glens
Lake Victoriafort, VA 04774",2020-12-20
Susan,Sullivan,"576 Christina Estate
Hansenton, WV 97065",1927-09-19
Nicholas,Vargas,"85397 Coleman Via
Meganport, KY 25706",1963-11-26
Rebecca,Barber,"42066 Hailey Expressway
Crosston, SD 20981",1929-11-04
Jennifer,Contreras,"7487 Judy Creek
New Anthonymouth, TX 08649",2023-06-27
Chad,Murphy,"27622 Brian Rue Suite 153
Kellyfurt, VA 77302",1977-04-18
Eric,Mack,"PSC 5844, Box 9659
APO AP 60886",1938-04-30
Heather,Meyer,"341 Patricia Crescent
Thorntonport, WY 10411",1955-06-13
Michael,Peterson,"8731 Carolyn Path Apt. 781
Smithstad, TX 93869",2006-05-27
Stephanie,Schultz,"4684 Melinda Cliffs Suite 291
Stewartfurt, CA 56808",1913-01-26
Donna,Fisher,"175 Jon Shoals
Mccluremouth, WY 20790",1977-04-10
Christine,Jackson,"435 Hill Parkways
Nealhaven, AR 40781",1984-10-23
Bonnie,Aguilar,"29110 Richard Prairie Apt. 864
Angelafort, TN 03997",1983-01-17
Joshua,Anderson,"USNV Johnson
FPO AE 20702",1992-03-01
Lynn,Gomez,"35402 Taylor Shores Apt. 967
Kingville, AZ 32271",1993-08-14
Carla,Black,"76671 Nicholas Forge
Barrettchester, HI 28352",2014-05-24
Lauren,Fernandez,"16317 Adam Shoals Suite 984
Kathleenville, MN 68189",1912-03-09
David,Patterson,"6728 Christian Land Apt. 874
Jorgeville, AK 63550",1993-05-27
Jason,Morales,"106 Ortiz Brook
Christinahaven, OH 55509",1966-07-21
Christopher,Chen,"91830 Michelle Street
Leslieberg, KS 59814",1915-10-28
Kristina,Hood,"567 Smith Overpass Suite 634
Nixonburgh, WI 62614",1995-08-25
Stephanie,Barajas,"PSC 7511, Box 9816
APO AP 55462",1955-01-27
Sabrina,Reyes,"82178 Hayes Estate
Port Warrenside, NY 30085",1999-05-21
Tiffany,Ballard,"1075 Shane Lane Apt. 172
Port Isabella, ME 25377",1942-07-20
Linda,Turner,"843 Mcintyre Skyway
Lake Jonathan, VA 65077",1983-03-21
Frances,Allen,"89947 Vincent Loaf
North Kellieberg, PW 31352",2002-07-25
Kayla,Orozco,"25352 Hernandez Manors Apt. 441
South Donaldberg, FM 06288",1935-04-11
Robin,King,"01303 Mary Stravenue
New Christopher, MA 06975",1920-06-10
Jeremy,Wilcox,"86102 Richard Prairie
New Zacharyburgh, CO 85178",2012-09-25
Hannah,Thompson,"6759 Alexandria Courts
Anthonytown, RI 84978",1980-10-24
Whitney,Cabrera,"79708 Bryan Island Suite 884
Hillfort, UT 90569",1942-05-04
Alyssa,Miller,"2204 Kristi Court Apt. 276
South Alexander, PA 74760",1950-03-19
Julie,Wilkerson,"83791 Evans Valleys Apt. 903
Port Katietown, FL 32778",1972-03-30
Denise,Summers,"525 Mark Branch
West Amy, IL 17265",1948-07-31
Rhonda,Martin,"57530 Cathy Village Apt. 012
West Amanda, MS 48198",1975-09-06
Robert,Harris,"332 Jimmy Spurs
Karentown, AR 66687",1923-02-06
Stacy,Garcia,"3316 Ochoa Green
West Gregory, OR 13466",1969-11-29
Brittany,Lee,"15130 Tiffany Drive
Lisaton, MN 82688",1909-03-12
Michelle,Thomas,"610 Long Burgs
Port Ginafurt, WA 22499",1999-09-15
Ana,Hamilton,"24037 Sandra Crest Suite 657
Lake Victor, TX 11738",1931-01-19
Travis,Pace,"044 Sandra Dam Apt. 611
Elliottmouth, SC 98579",1993-06-19
Leslie,Byrd,"02632 Monroe Valley
Lake Dana, MN 13594",1911-11-29
Mark,Romero,"30572 Briggs Corner Suite 084
Rileymouth, WY 93574",1916-09-23
Christopher,Maldonado,"5914 Mcclure Terrace Suite 372
East Gerald, LA 03179",1994-09-10
Kelly,Pierce,"36552 Anderson Fork
New Jamesland, HI 35287",2003-01-23
Jonathan,Roberts,"71909 Lewis Curve Apt. 314
Michaelview, NH 16503",1973-06-18
Paul,Meadows,"65189 Kenneth Mountains
South Elizabeth, CO 41641",1982-10-09
Jacob,Nicholson,"35064 Castillo Neck Suite 574
Davisville, NY 62682",1943-07-03
Karen,Jackson,"578 Rebecca Plain
Blackport, MH 93024",1919-05-31
Megan,Hernandez,"5484 Bauer Island
Paynehaven, MH 85187",2017-12-09
Heather,Tapia,"450 William Stravenue Apt. 068
Baileyfurt, NM 27253",1937-08-23
Jessica,Williams,"755 Albert Brooks Suite 711
Garciatown, VI 56298",1939-01-17
Robin,Jones,"6078 Erica Keys Suite 837
Nathanside, TX 17670",1926-03-25
Susan,Horne,"USNV Rodriguez
FPO AP 44010",1995-11-18
Larry,Weaver,"090 Roy Shoals Suite 738
New Timothyland, FM 64861",1992-11-08
Katherine,Hester,"0355 Rice Wall Suite 170
Port Sarahfurt, SC 45034",2020-05-11
Kara,Wilson,"01781 Cooper Drives
South Gabrieltown, DE 09665",2006-02-20
Ryan,Shannon,"17224 Martin Locks Apt. 041
North John, MT 78949",1916-07-07
Michael,Fleming,"71493 Heath Neck Apt. 281
Coopertown, RI 94965",1917-07-09
Joshua,Bender,"PSC 6412, Box 4588
APO AE 38785",2004-03-17
Julia,Wright,"2472 Jordan Inlet Suite 680
Harrisport, ND 49836",1948-08-11
Thomas,Fox,"56205 Kayla Row Apt. 375
Shawmouth, ID 60072",1952-01-29
Elijah,Ramsey,"7817 Martinez Islands Suite 434
Harmonburgh, MD 11722",2016-10-13
Robert,Williams,"Unit 9485 Box 4710
DPO AA 43686",1976-10-13
Aaron,Gomez,"3977 Amy Route Suite 345
Port Carol, WA 91578",1938-08-22
Curtis,Edwards,"USNS Lara
FPO AP 57800",1946-02-14
Christy,Schmitt,"38566 Nicole Canyon Apt. 612
Lake James, MN 39993",2020-01-29
Vanessa,Cole,"734 Ball Alley Suite 826
New Randallburgh, MP 80394",1968-04-06
Gary,Nolan,"86925 Leonard Land Apt. 296
Taylormouth, PW 45754",1946-08-03
Darren,Hodge,"24295 Lamb Extension
Mariaton, KS 13044",1943-05-02
Renee,Tucker,"16392 Fernando Well Suite 292
West Charlesport, MP 37004",1940-07-19
Whitney,Harris,"95244 Sandoval Plains
Randallstad, PA 97181",2011-09-13
Amanda,Thompson,"15738 Fox Harbor Suite 928
Brownland, NH 48261",1980-07-29
Ellen,Wilson,"310 Alan Well Apt. 312
New Alyssachester, HI 28637",1956-03-14
Ronald,Martin,"3054 Williams Mill
Espinozafurt, WI 10415",2003-10-23
Jacob,English,"6925 Curry Station
West Davidtown, UT 64495",1946-03-25
Gene,Caldwell,"USS Watson
FPO AA 68275",1912-02-04
Matthew,Oconnor,"PSC 0541, Box 2218
APO AA 47052",1955-12-10
Laura,Kelly,"16460 Robbins Circle
Kaufmanhaven, WI 09614",1940-06-01
Lindsey,Davis,"90525 William Track
Barbaraton, IN 69880",2016-08-04
Katherine,Moore,"3093 Caldwell Mount
East Amanda, AZ 38622",1987-11-21
Ellen,Brown,"528 Mike Throughway
West Lisaville, IA 63261",2004-12-26
Linda,Jones,"85102 Gray Walk
New Amyshire, MH 22037",2005-11-24
Joseph,Castillo,"45634 Parker Fork
Robertville, IA 22236",1978-06-11
Stephanie,Meyer,"057 White Lakes
South Joannaborough, LA 12324",1963-09-25
Marcus,Woods,"34389 Vanessa Locks Suite 636
Barbarafort, OH 77707",1920-04-15
Janice,Jordan,"686 Tiffany Circles
Lake Jeffrey, GU 14324",2000-10-30
Thomas,Campbell,"672 Love Square
East Jenniferstad, VI 35566",1967-06-27
Nicole,Ho,"3250 Nicole Roads Apt. 867
North Patricia, AZ 79625",1970-09-23
Ashley,Green,"74904 Fleming Garden Apt. 232
South Troy, ID 67315",1984-08-19
Connie,Jackson,"45119 Laura Village
Davidport, MN 69776",1950-07-09
Jennifer,Hill,"833 Barbara Rue
Kramermouth, IA 65700",1934-05-25
Richard,Moses,"504 Richardson Forks
Port Steven, NV 80250",1964-07-02
Marissa,Parks,"6573 Kevin Shoal
Ronaldfort, GU 70274",1954-02-04
Cassandra,Jones,"3508 Patricia Light
Juanland, NM 42862",1976-01-09
Tracey,Pearson,"01727 Kurt Shores
Johnbury, CO 47194",1960-07-23
Christina,Sanford,"40520 Kristina Manor Apt. 774
East Kennethburgh, UT 45133",1910-03-27
Joshua,Gonzalez,"48032 Richard Alley
Lake Julia, DE 08691",2005-03-06
Kathleen,Santos,"PSC 0806, Box 2693
APO AA 51051",1944-05-20
Michelle,Walter,"38528 Jones Path Suite 749
South Jennifer, CO 82397",1969-08-09
Robert,Foster,"520 Christopher Common
Jorgeborough, MO 52244",1927-06-05
Kenneth,Randolph,"089 Merritt View
Catherinechester, OK 50064",1999-11-14
Thomas,Padilla,"Unit 8970 Box 4534
DPO AE 25664",1941-12-18
Julie,Scott,"72680 Shaffer Plain
Kathybury, IL 98347",1989-10-21
Danielle,Gibson,"332 Mccoy Views Suite 712
Samanthaside, ND 09679",2008-01-12
James,Serrano,"78772 Jesus Rapids
Port Ashleyfurt, VA 45575",1985-11-03
Toni,Wells,"30305 Rice Ville
Jamiehaven, NC 58387",2010-04-22
Thomas,Huff,"5249 Michael Viaduct
North Kimberlyland, WA 06195",1926-10-04
Jacqueline,Harris,"1900 Dawn Ridge
Lake Theresa, NY 52770",1964-06-04
Joanne,Grant,"8485 Simpson Crescent Suite 344
West James, MS 74635",1975-05-26
Julian,Robinson,"281 Brenda Walks
Jacksonport, WA 87103",1935-11-03
Nathan,Evans,"5522 Ross Summit
New Vanessashire, PR 74561",1992-05-06
Cindy,Frost,"13337 Meyers Cliff Apt. 413
Port Christopher, MT 43230",1975-12-02
Alicia,Woods,"115 Nicole Manor
Whiteville, MO 44500",1908-09-09
Jenna,Larson,"570 Barbara Springs Apt. 630
New Ianberg, NC 29383",2018-12-27
Cody,Black,"7733 Morrison Rest Apt. 498
Hamiltonhaven, DC 02198",2015-05-05
Barry,Peters,"380 Marks Ports
Huertamouth, HI 80620",1943-08-09
Timothy,Reyes,"74054 Rodriguez Estates Suite 249
West Seanfort, MP 07061",1991-05-13
Elizabeth,Ayers,"014 Dunn Stravenue Suite 714
Port Danielle, OH 22055",1961-10-27
Larry,Torres,"9997 Hoover Locks
Baileychester, NV 55132",2007-07-05
Matthew,Smith,"4374 Malik Passage Apt. 676
South Brittany, KY 02615",1985-05-24
Brandon,Sparks,"057 Stephens Square Suite 886
Mooreland, UT 32448",1986-11-18
Michael,Gay,"2510 Beasley Ridge Suite 654
West Whitneyberg, MD 57081",1942-08-28
Zachary,Dalton,"575 Kelly Club Apt. 586
East Thomas, SC 42601",1930-02-01
Susan,Webb,"257 Scott Centers Apt. 254
Michelleside, MP 69779",2023-01-30
Mary,Nichols,"3300 Heather Plain
Robertshire, HI 71561",1949-12-31
Shawn,Roman,"56275 Shawn Port Suite 318
Garciaton, WV 41979",1943-04-22
Jamie,Brown,"PSC 7870, Box 5787
APO AP 78915",2003-08-21
Peter,Cummings,"436 Robert Haven Apt. 382
Lake Omarstad, MI 46480",1922-05-07
Kimberly,Taylor,"980 Gary Locks Apt. 554
Jaketon, WV 17567",1928-05-19
Maria,Williams,"9008 Jessica Rapids Apt. 410
Joelview, KS 04522",1994-06-09
Robert,Dillon,"2627 Scott Mews Apt. 260
Ramseyhaven, UT 72259",1953-09-29
Michelle,Callahan,"780 Phillip Mount
Blackside, ND 74816",1917-01-10
Tonya,Harper,"2287 Ashley Plaza Apt. 493
South Nicole, MA 95828",2016-04-13
Steven,Solomon,"07358 Jacob Turnpike Suite 745
East Shannon, TN 15559",1998-06-02
Tammy,Stephens,"79300 Nathaniel Mews Suite 657
South Kevinchester, DE 91377",1986-02-22
Olivia,Smith,"951 Martin Points Apt. 174
Sheilastad, DC 26834",1962-06-21
Brett,Acevedo,"0540 Susan Inlet Suite 139
Ashleyberg, ID 46954",2016-04-11
Denise,Bradshaw,"PSC 4886, Box 1792
APO AP 14428",2015-05-30
Hannah,Jones,"30665 Jo Lodge Suite 877
Vegafort, UT 01111",2011-04-04
Joseph,Roman,"95895 Karen Pine
Lake Deanburgh, MO 26130",1939-07-30
Benjamin,Watson,"1605 Clark Track
Crossstad, WA 43334",1945-09-03
Donna,Mcconnell,"469 Phillip Highway Apt. 606
Brittanyland, OH 19335",1955-04-12
Christopher,Davis,"44843 Monique Ridges Apt. 840
South Kellyberg, OH 05711",1990-06-24
Angela,Garcia,"754 Caitlin Hollow
Schmidtborough, WY 07260",1912-02-29
Francisco,Davila,"530 Camacho Ferry Apt. 696
South Patrickview, NE 18790",2010-05-31
Sandra,Patel,"2193 David Run
Cookton, MD 12517",1996-03-15
James,Hall,"16074 Barbara Turnpike Apt. 897
East James, WA 04528",2000-12-28
Paul,Mcdaniel,"5147 French Junctions Apt. 174
West Lance, NE 44648",1919-01-15
Matthew,Thompson,"41626 Cox Field
Oliverchester, PR 62935",2020-04-21
Charles,Hunt,"291 Nicole Brooks
Port Andrew, MD 38783",2018-11-22
Charles,Johnson,"0129 Hughes Plains Suite 403
Justinfort, IL 79931",1935-04-04
Jennifer,French,"52443 Kathleen Corners
Tinaville, LA 26601",1956-03-10
Ryan,Bell,"7310 Rice Freeway Suite 842
Floydhaven, NH 51196",2011-08-14
Dillon,Smith,"628 Hannah Fork
South Deborahport, NH 81877",1967-05-18
Bryan,Johnson,"76369 Martinez Bypass Suite 968
Beckmouth, OK 72101",1991-09-24
Sarah,Walker,"267 Thomas Port Suite 094
Georgebury, NH 75623",2004-11-27
Nicholas,Jimenez,"804 Luna Keys
East Cynthiafurt, MO 60376",2016-05-08
Craig,Ortega,"39707 Tiffany View Suite 855
South Crystal, VA 22031",1933-07-21
Devin,Boyd,"59054 Kelly Greens Suite 139
Josebury, MH 04387",1959-12-22
Sandra,Miller,"009 Aaron Oval Apt. 447
Brennanstad, MA 59902",1954-11-28
Andrea,Banks,"68622 Chen Trafficway Apt. 293
New Gregory, DE 34439",1943-03-22
Jack,Armstrong,"1789 Janice Springs Suite 791
New Tylerfurt, NM 78606",1994-01-17
Karina,Allen,"36291 Lindsey Ways Apt. 701
Careybury, LA 24103",1980-03-21
Cheryl,Nichols,"958 Judy Cliff Suite 919
Port Aliciaberg, MH 87020",2012-10-11
Tracy,Stafford,"405 Patricia Cape
South Tanner, OK 57262",1967-12-21
Craig,Chandler,"29522 Eric River
Parkerview, KS 53654",1948-10-31
Brenda,Mays,"15827 Amanda Village
Piercefort, ME 63827",1935-05-23
Rhonda,Phillips,"007 Owens Isle
New Tina, NM 48763",1977-07-28
Vincent,Watson,"034 Scott Vista
East Debra, AL 74799",1935-12-16
Brittany,Bolton,"88333 Dennis Station
New Johnmouth, TN 60057",1980-07-25
Nicole,Perkins,"334 Brown Turnpike Apt. 671
Port Josephchester, VA 81618",1915-11-25
George,Mitchell,"340 Theresa Hills Apt. 655
Joyceshire, VA 35330",1963-07-12
James,Clark,"USNV Riggs
FPO AA 38318",1929-12-08
Jose,Ramos,"684 Webster Forks Suite 907
North Amber, MN 46008",2012-06-19
Eric,Bell,"518 Sawyer Glen Suite 957
Shannonchester, SC 35189",2006-10-16
Phillip,Kelley,"USCGC Moore
FPO AA 61675",1998-04-29
Jacob,Sullivan,"53294 Blair Highway
Port Laurenview, MN 29500",2010-01-04
David,Pena,"4315 Matthew Center Apt. 456
Johnhaven, NM 18842",1949-04-13
Christopher,Long,"7818 Schneider Plains Suite 137
Josephberg, NE 61781",1931-07-17
Andrea,Martinez,"08482 Brandy Center
New Stevenberg, GA 85995",1941-12-24
Scott,Hunt,"74823 Montgomery Pines Suite 629
Tannerborough, FM 89114",2017-01-22
Charles,Diaz,"98872 Oneill Orchard Suite 898
Lake Gloriamouth, MI 16801",2018-09-08
Michelle,Brown,"7911 Christina Ford
Lake Megan, UT 25960",1940-02-25
James,Perez,"91531 Nicholas Field Suite 361
Donaldfurt, MO 51531",1983-07-30
Christopher,Parker,"44691 Steven Haven
Brittneybury, HI 33650",2000-01-07
Mathew,Santos,"88944 West Forges
Kimburgh, NM 33236",1944-01-11
Melissa,Hawkins,"83588 Sheryl Fall Apt. 389
North Christinaberg, WA 06048",1913-06-07
Vanessa,Nguyen,"6805 Patricia Isle
Foxchester, CT 94897",1946-11-27
Jessica,Flynn,"USNS Bond
FPO AA 24890",1947-02-08
Angela,Salazar,"6330 Kyle Club
New Thomas, MS 91703",1923-06-30
Gabriela,Cantrell,"3831 Rosario Spring Suite 679
West Robert, AK 28382",1925-08-08
Kayla,Ryan,"91538 Andre Lights Apt. 071
Jasonburgh, OR 63962",1998-10-02
Bryce,Stephens,"9162 Sean Green
Elijahstad, LA 17704",1942-06-29
James,Miller,"7262 Hunt Mountain Suite 568
Caitlinville, NM 08818",1938-01-31
Tara,Brennan,"37559 Tyler Orchard Apt. 905
West Nathan, WI 66436",1949-08-23
Brandy,Henry,"29632 Riley Junctions
Juantown, AL 74606",1917-07-12
Misty,Russo,"PSC 4410, Box 8265
APO AA 64748",1983-12-31
Angela,Robertson,"8614 Rodriguez Forge Apt. 461
Lake Donald, UT 74420",1959-12-26
Brian,Owen,"326 Moss Branch
Fergusonview, WA 22894",2018-09-04
Hailey,Braun,"USS Cook
FPO AA 40809",2000-09-02
Andrea,Nelson,"512 Roberts Lakes
West Tracy, OK 60789",2003-08-29
David,Brown,"795 Sara Wells
New Brittanyfort, KY 60877",1946-02-21
Matthew,Gonzales,"4016 Jeffrey Inlet
South Nathanburgh, VT 96084",1912-11-11
Andrew,Hubbard,"01045 Jones Junctions Apt. 820
Port Daniel, WV 30901",1913-06-13
Cindy,Carter,"760 Kristi Light Apt. 117
East Ryan, MD 57538",1958-05-15
Matthew,Clark,"0684 Heather Islands
South Adrian, WI 86742",1990-11-14
Kimberly,Fernandez,"2602 Lyons Trail Apt. 030
Michaelburgh, ID 35241",1958-04-19
Barry,Schmidt,"01342 Smith Station
New Lisabury, PA 55411",1938-02-17
Amanda,Thomas,"4809 Tara Fort
New Scottville, TX 22382",2019-12-05
Robert,Zhang,"72852 Lyons Freeway
West Kimberly, GU 68518",1973-07-07
Christopher,Livingston,"6218 Stacey Ridges Suite 212
Robertsonfort, MN 98576",2013-07-22
Maurice,Moran,"131 Jennifer Road
North Christineburgh, NM 90940",1988-11-13
Joshua,Elliott,"PSC 1197, Box 2416
APO AE 25429",1915-01-01
Jeffrey,Rodriguez,"74383 Matthew Village Apt. 564
New Rogerland, IN 58512",1985-08-05
Christopher,Avery,"USS Baldwin
FPO AP 13434",1956-05-05
Curtis,Barr,"0982 Gary Fort Suite 401
New Daniel, DE 96821",1945-06-21
Jesse,Walter,"07275 Jackson Row
New Christina, AR 26984",1962-09-01
Tiffany,Villanueva,"6579 William Knolls Apt. 837
Lake Sherry, PW 97764",2002-02-01
Bryan,Cummings,"53361 Brandon Glen
Sethshire, KY 05647",2016-08-01
Danny,Lawson,"57662 Guerrero Dam
Reginamouth, AS 47856",1966-09-15
Kyle,Brown,"3818 Jones Tunnel
Christopherborough, ID 21246",2014-07-13
Linda,Peterson,"64652 Ryan Islands Suite 968
West Gregoryfort, SD 56678",1990-07-06
Gary,House,"147 Evans Village Suite 314
East Michaelstad, PR 45552",2014-04-30
Nathaniel,Page,"80672 Christina Trafficway Suite 788
New Jameschester, WY 21253",1955-04-15
Sherri,Jones,"426 Sheena Center
South Joseph, IL 58554",1986-05-12
Luke,Jones,"178 Edwards Plain
Christianfort, ME 72432",2017-01-03
Samuel,Osborne,"USS Dougherty
FPO AP 34258",1932-12-16
Sandra,Gomez,"6607 John Locks Suite 382
Burnsport, KS 54916",1951-01-02
Christopher,Harris,"1307 Troy Inlet
Lawrencechester, KS 06328",1981-10-19
Cassandra,Marsh,"6206 Blackwell Mission
Mcdonaldberg, ND 65384",1996-02-25
Peggy,Davis,"Unit 3444 Box 0025
DPO AA 50986",2018-08-25
Kelly,Romero,"1043 Johnson Expressway
Heathermouth, KS 47317",2010-12-10
Cheryl,Shaw,"883 Crawford Ferry Suite 007
North Rebecca, TN 58500",1977-03-22
Jacob,May,"6111 Yates Inlet Suite 018
West Maryside, PW 15912",1964-09-14
Dawn,Bryan,"PSC 4668, Box 3988
APO AP 32155",1971-11-06
Jesse,Rhodes,"965 Nancy Hills Apt. 405
Huntland, NJ 57038",1952-12-13
Vanessa,Decker,"93874 Davis Squares
Andrewstad, DE 88268",1974-02-08
Mark,Sweeney,"610 Richard Street Suite 547
Port Kennethberg, IL 39572",1969-11-03
Dennis,Allen,"275 Parker Station Apt. 036
Taylorberg, ME 59280",1925-02-25
David,Wagner,"39029 Richardson Centers Apt. 244
Jonesville, NH 57823",1983-07-19
Ralph,Gray,"8154 Keith Key Apt. 679
Mirandabury, WA 20060",1978-05-05
Jennifer,Mcdonald,"6435 Martin Courts Suite 991
Dominiqueberg, IA 64456",1913-05-26
Gina,Burgess,"0545 Sharp Street Apt. 423
Burnston, IN 24015",2019-12-31
Brenda,Wilson,"Unit 8871 Box 1065
DPO AA 03791",1917-06-25
Morgan,Bernard,"9239 Rodriguez Oval Suite 420
West Lucas, ID 00545",1989-02-16
Brandy,Jackson,"03753 Thomas Ranch Suite 646
Port Victor, HI 35018",1976-03-30
Joann,Drake,"0668 Crystal Terrace
West Amandachester, FM 20282",1985-03-15
Mary,Santos,"64949 Newman Crossroad Suite 248
Velasquezfort, MI 88231",2000-12-11
Denise,Oconnell,"6039 Christian Wall
South Codychester, WA 39296",1930-07-26
Alejandro,Boone,"2876 Russell Plaza Apt. 701
East David, NY 23874",2015-04-23
Michael,Johnson,"0571 Troy Dale
Port Meganmouth, NY 22905",2003-09-19
Lori,Diaz,"5352 Melissa Wall
North Laurahaven, AS 52557",1986-07-04
Brandy,Taylor,"20648 Alexis Junctions
Danielborough, VT 70230",1989-02-25
James,Huff,"770 Johnson Shores
Nelsonville, MA 54959",1988-12-05
Christopher,Hubbard,"10563 Allison Branch
South Amanda, NC 88120",1927-01-02
Miguel,Abbott,"387 Christopher Parks
Lake James, WA 27691",1942-02-16
Taylor,Bauer,"4884 Tyrone Causeway
Marilynhaven, VT 54831",1984-06-28
Christopher,Hill,"71687 Lisa Course Apt. 305
South Kimberly, ID 61551",1915-06-17
Jacob,White,"PSC 3297, Box 5262
APO AE 21875",1993-04-03
Anthony,Thompson,"8867 Walsh Shores
Richardmouth, MS 23953",2002-01-11
Shelly,Jones,"333 Hill Springs
Robertfort, MI 94406",1992-08-24
Ryan,Williams,"1908 Sara Locks Suite 846
Port Nancy, AZ 63763",1960-04-03
Crystal,Vazquez,"1617 Alexander Lakes
Port Johnchester, VT 38983",1983-03-30
Leah,Johnson,"USS Martin
FPO AE 51514",2009-08-28
Kirk,Davis,"58336 Leach Ridges
West Timothyhaven, OK 43665",1908-09-09
Misty,Lucas,"305 Scott Junctions Apt. 370
Carterfurt, VI 94406",1930-07-16
Sean,Williams,"2651 Tyler Street Suite 525
Lynchberg, VI 73700",2008-06-20
John,Duncan,"466 Kevin Skyway
New Geraldport, VT 01253",1945-07-05
Sarah,Herrera,"718 King Overpass Suite 412
North Tiffanyberg, ND 06956",1908-08-18
James,Campbell,"299 Caitlin Loaf
Lake Christopherhaven, SC 89842",1939-08-24
Kristen,Bush,"57235 Tiffany Port
Jenniferfort, VT 95250",1990-08-08
James,Joseph,"4270 Osborne Square Suite 552
East Maurice, UT 40450",1977-03-04
Eric,Jones,"299 Jeremy Green
Turnerview, GA 64421",1920-06-02
Timothy,Jackson,"3724 Taylor Cove Suite 479
Madisonton, AR 30755",1962-03-20
Dawn,Nguyen,"18420 Kayla Mountains Suite 182
Port Bonnieville, VI 90956",1953-05-02
Caitlin,Thompson,"92582 Megan Burgs Apt. 252
New Emily, AK 03201",1973-09-19
Eric,Parker,"Unit 0876 Box 1896
DPO AE 23641",1995-01-22
Elizabeth,Douglas,"0039 Kenneth Mission Apt. 986
Ashleystad, KY 16051",1932-05-22
Jennifer,Washington,"32742 Christina Mountains
Monicaville, KY 62304",1990-11-23
Gabrielle,West,"35126 Nicholas Branch Apt. 914
Rodriguezville, WV 09778",1992-01-03
Sarah,Combs,"179 Diana Mountain
Luceromouth, MS 20576",1912-02-02
Gabriel,Brewer,"84402 Cain Well Suite 130
Tannerburgh, MO 68908",1964-01-26
Christopher,Smith,"12341 Bradley Estate
Gonzalezport, MP 99444",1961-12-03
Heather,Valencia,"808 Kimberly Hills
Brennanbury, TX 81714",2023-12-01
Beth,Reynolds,"674 Hubbard Common Apt. 689
North Lee, SD 23819",1997-09-17
Bernard,Nelson,"20129 Gallagher Harbors Apt. 255
Curtisfurt, SD 25250",1967-02-01
Christine,Mills,"1203 Parker Station
New Dawn, MA 93424",1956-04-21
Robert,Harris,"80522 Alicia Plain
Nguyenview, VT 46038",1929-07-14
Emily,Sanders,"37720 Jonathan Point
South Sabrina, UT 05002",1914-12-05
Jacob,Bailey,"8991 Mcdowell Summit
Port Jeffreyfort, MD 90955",1984-11-16
Jennifer,King,"4108 Cooley Mission Apt. 741
North Joshuaview, PA 96904",1959-11-19
Joshua,Diaz,"991 Sara Isle Suite 177
New Maria, UT 96093",1921-06-01
Kelly,Thomas,"185 Dana Lakes
Nancyburgh, MI 97473",1963-01-07
Benjamin,Mckenzie,"247 Kevin Valley
Michaelfurt, ND 03654",1952-04-05
Jennifer,Meza,"63304 Shelby Ports Apt. 624
Kellermouth, AK 46612",1919-08-10
Kevin,Krause,"PSC 7001, Box 0423
APO AE 03792",1981-06-15
Sharon,Vazquez,"321 Rivera Common Suite 428
Brownmouth, AS 23947",1985-08-28
Ashley,Figueroa,"PSC 3548, Box 4495
APO AP 70779",1983-09-02
Stephen,Garcia,"76600 Cheryl Cove
North Davidfurt, KY 64333",1928-11-02
Carly,Mccall,"66321 Diana Mountains
Blankenshipfurt, PA 80696",2021-07-28
Ricky,Roth,"657 Jesus Glen Apt. 032
South Michael, OH 17206",2015-03-06
Lori,Michael,"6425 Mendez Roads Apt. 226
North Amy, MO 58052",1923-03-13
Gary,Maldonado,"63449 Williams Neck Apt. 656
North Kristin, WA 07963",2002-01-27
Jeremy,Barnes,"9533 Christopher Hills
Mckinneyfurt, IN 93508",2021-05-18
Derek,Martin,"239 Sean Lights Apt. 323
Port Jacquelinemouth, PR 14449",1969-09-16
Robert,Lee,"11071 Stevens Squares
New Josephville, MO 84199",2010-09-08
Selena,Mitchell,"112 Lauren Hollow
West Tim, SC 15038",1933-10-10
Tara,Gould,"08587 Christopher Garden Suite 515
Coryfurt, IA 58617",1959-04-20
Robert,Morgan,"725 Webster Trafficway
Clarkeville, FL 00585",1977-10-20
Pedro,Watkins,"493 Kevin Meadow
Lake Markborough, WV 05189",1982-01-27
Colin,Mcneil,"075 Nancy Islands Suite 123
East Dianeshire, KS 29590",1995-09-15
Dominic,Murphy,"81629 Terry Islands Suite 480
Kennethville, TN 36772",1999-07-25
Brandi,James,"691 Washington Viaduct Suite 704
North Jessicafort, OH 96249",1991-04-26
Brittany,Allen,"7520 Jill Shoals
Smithville, OK 44016",1937-05-05
Terri,Henry,"1053 Christopher Haven
North Maryberg, MH 10466",1919-10-16
